FirstName,LastName,Gender
Tsehayetu,Abera,Female
Antra,Abola,Female
Ida,Abolina,Female
Deniz,Acar,Male
Guner,Aktas,Male
Danaite,Alemseged,Female
Asmerom,Ambaye,Male
Kiana,Anderson,Female
Jakob,Anhalt,Male
Elisabeth,Arcouet,Female
Enric,Argilaguet,Male
Ernest,Arquimbau,Male
Murat,Arslan,Male
Winta,Asemelash,Female
Gokce,Aslan,Female
Abbi,Atkins,Female
Diana,Aunina,Male
Nils,Aunins,Female
Claude,Aupry,Male
Hasan,Aydin,Male
Jonas,Baar,Male
Anna,Baginska,Female
Georgijs,Baltins,Male
Malik,Barden,Male
Carmelo,Barese,Male
Rebecca,Baresi,Female
Genevieve,Beauchesne,Female
Claude,Beaulieu,Female
Robin,Becker,Male
Noel,Belisle,Male
Omar,Bennett,Male
Kahsay,Bereket,Male
Eden,Berhe,Female
Marie,Berthelette,Female
Pol,Bertolich,Male
Francesca,Bianchi,Female
Jausma,Bite,Male
Ales,Bizjak,Male
Jana,Blazkova,Female
Emma,Blug,Female
Gilbert,Bonsaint,Male
Wojciech,Borkowski,Male
Maurice,Boule,Male
Alexis,Bourgeois,Female
Archie,Boyle,Male
Tomaz,Bozic,Male
Danielle,Brasseur,Female
Amala,Braun,Female
Leonie,Briegel,Female
Quincy,Brooks,Male
Angel,Brown,Female
Camille,Brunelle,Female
Filippa,Bruno,Female
Yuksel,Bulut,Male
Pavel,Bures,Male
Jaroslava,Buresova,Female
Victoria,Burke,Female
Klaus,Buzov,Male
Martin,Cahua,Male
Tuna,Cakir,Male
Quinn,Campbell,Female
Seyhan,Can,Male
Sam,Cantrell,Female
Cataldo,Capon,Male
Christian,Cartier,Male
Pere,Castellsegui,Male
Gianni,Castiglione,Male
Hanife,Celik,Female
Izabella,Celma,Male
Sarmis,Celms,Male
Hana,Cermakova,Female
Ivana,Cervenkova,Female
Hacer,Cetin,Female
Alain,Charon,Male
Alexandre,Chauvin,Male
Josef,Cizek,Male
Hailey,Clark,Female
Bartomeu,Collelldemont,Male
Diego,Conticini,Male
Hayden,Cook,Female
Liane,Cormier,Female
Pupetta,Costa,Female
Gilbert,Coupart,Male
Ingrid,Cranz,Female
Maciej,Czarnecki,Male
Joanna,Dabrowska,Female
Mikolaj,Dabrowski,Male
Beca,Davies,Female
Alain,Davignon,Male
Liam,Davis,Male
Benito,Dellucci,Male
Merve,Demir,Female
Isabelle,Deniger,Female
Montserrat,Desriols,Female
Esteve,Desvalls,Male
Gabriel,Diaz,Male
Vlasta,Divisova,Female
Fadime,Dogan,Female
Rene,Dolejsi,Female
Albert,Dubois,Male
Maciej,Dudek,Male
Ewa,Dudzinska,Female
Daina,Dumina,Male
Laimonis,Dumins,Male
Audrey,Dumoulin,Female
Coralie,Duperre,Female
Aline,Dupuy,Female
Dominique,Dutertre,Male
Zdenek,Dvorak,Male
Niks,Dzenis,Female
Logan,Edwards,Male
Simons,Eglitis,Female
Werner,Eitner,Male
Daniel,Elfyn,Male
Bethan,Elis,Female
Turgay,Elmas,Male
Elke,Endemann,Female
YishaK,Epherem,Male
Tatjana,Erjavec,Female
Quarantino,Esposito,Male
Jamie,Evans,Female
Giselle,Faber,Female
Giorgia,Fanucci,Female
Amleset,Fitwi,Female
Annette,Flamand,Female
Elizabeth,Flores,Female
Sara,Folgueroles,Female
Carme,Fontbernat,Female
Michal,Formanek,Male
Renata,Fuchsova,Female
Isabel,Garcia,Female
Amelie,Garner,Female
Niklas,Gasper,Male
Hiwot,Gebre Gergis,Female
Aberehet,Gebre Tsadik,Female
Lelia,Genovese,Female
Wolde Mariam,Girmay,Male
Meaza,Goitom,Female
Milan,Golob,Male
Mateo,Gomez,Male
Aaron,Gonzales,Male
Kasper,Graf,Male
Fiamma,Greco,Female
Manon,Griffiths,Female
Jacqueline,Grondin,Female
Marta,Guanyavents,Female
Louisa,Guenther,Female
Charlie,Guibord,Male
Ayse,Guler,Female
Meltem,Gumus,Female
Faruk,Gunes,Male
Halit,Gungor,Male
Killian,Gunther,Male
Tito,Guzmán,Male
Renata,Hall,Female
Frantisek,Hanak,Male
Jacob,Hancock,Male
Daniela,Hanzlova,Female
Libby,Harrison,Female
Maja,Hartmann,Female
Marta,Havrankova,Female
Hannah,Haynes,Female
Josephine,Hebert,Female
Jule,Heinrich,Female
Detlef,Hembrock,Male
Felix,Henderson,Male
Briana,Hernandez,Female
Coralie,Hetu,Female
Ana,Hocevar,Female
Vaclav,Holy,Male
Tereza,Horackova,Female
Janez,Horvat,Male
Karel,Hovorka,Male
Avery,Howard,Female
Jarmila,Hrdlickova,Female
Aljosa,Hribar,Female
Andreja,Hrovat,Female
Jose,Huaman,Male
Shawn,Hughes,Male
Aidan,Hunt,Male
Cai,Huws,Male
Vlastimil,Hybl,Male
Gerolamo,Iadanza,Male
Christiane,Ingenpass,Female
Jessie,Irwin,Male
Anthony,Ivanov,Male
Abigail,Jackson,Female
Alena,Jankova,Female
Nikola,Janu,Male
Hannah,Jarvis,Female
Hanna,Jasinska,Female
Aira,Jaunzema,Female
Irena,Jaworska,Female
Casey,Jensen,Male
Alenka,Jereb,Female
Tanja,Jerman,Female
Riley,Johnson,Male
Natasha,Jones,Female
Karl,Kadenbach,Male
Jacek,Kalinowski,Male
Daniela,Kanepa,Female
Niklavs,Kaneps,Male
Havva,Kara,Female
Pinar,Karaca,Female
Gregor,Kastelic,Male
Ilga,Kaulina,Male
Rok,Kavcic,Male
Ibrahim,Kaya,Male
Faruk,Keskin,Male
Xaver,Kiefer,Male
Ramazan,Kilic,Male
Madison,Kim,Female
Adrian,King,Female
William,Kirby,Male
Beatrise,Klavina,Female
Berend,Klein,Male
Mojca,Klemencic,Female
Friedrich,Knerich,Male
Jozefa,Knez,Female
Carla,Kobusch,Female
Mahmut,Koc,Male
Dominique,Koch,Male
Vlasta,Koci,Female
Lilly,Koenig,Female
Eggert,Kohler,Male
Tomas,Kohout,Male
Marija,Kolar,Female
Petr,Konecny,Male
Vera,Kopecka,Female
Irena,Koren,Female
Safak,Korkmaz,Male
Stanislav,Korosec,Male
Jozi,Kos,Male
Maja,Kosir,Female
Robert,Kotnik,Male
Andrej,Kovac,Male
Anton,Kovacic,Male
Adrian,Kowalczyk,Male
Beata,Kowalska,Female
Zdenka,Kozakova,Female
Jan,Kozlowski,Male
Ivan,Krajnc,Male
Branko,Kralj,Male
Elsa,Kramer,Female
Edna,Krastina,Female
Ralf,Krause,Male
Joanna,Krawczyk,Female
Alex,Krejci,Female
Ella,Kreslina,Male
Agrita,Krieva,Male
Darta,Krievina,Male
Ronalds,Krievins,Male
Heiko,Krueger,Male
Beatrise,Kruze,Female
Ondrej,Kubat,Male
Marcela,Kubatova,Female
Adrianna,Kucharska,Female
Andrzej,Kucharski,Male
Franciska,Kuhar,Female
Alida,Kundzina,Female
Conrad,Kutzsche,Male
Hanna,Kwiatkowska,Female
Maureen,Labrecque,Female
Alain,Lacombe,Male
Gilbert,Lacroix,Male
Katja,Lah,Female
Theodore,Lamy,Male
Anna,Lange,Female
Aisma,Lapsa,Male
Andre,Lawson,Male
Denise,Lebatelier,Female
Bernadette,Leblanc,Female
Mikaela,Lee,Female
Kayla,Lewis,Female
Aleksandra,Lice,Female
Geraint,Llwyd,Male
Valeria,Lo Duca,Female
Ernst,Loetzsch,Male
Palmira,Loggia,Female
Francesca,Lombo,Female
Markus,Long,Male
Gerardina,Longo,Female
Eugenia,Lopez,Female
Lacombe,Luc,Male
Noemi,Lucchesi,Female
Nikolajs,Lusis,Male
Courtney,Lynch,Female
Jan,Macek,Male
Jakub,Maciejewski,Male
Terezija,Majcen,Female
Filip,Majewski,Male
Luis,Mamani,Male
Thomas,Margand,Male
Marie,Markova,Female
Henri,Marquis,Male
Blake,Martin,Male
Violet,Martinez,Female
Calimero,Mazzanti,Male
Parker,McLean,Male
Natasa,Medved,Female
Daniel,Mengestab,Male
Emel,Mert,Female
Marie,Methot,Female
Ariane,Meyer,Female
Habtu,Michael,Male
Dominik,Michalski,Male
Anna,Michnova,Female
Aleganesh,Mihertab,Female
Lisandro,Milanesi,Male
Martina,Milani,Female
Davide,Milano,Male
Caleb,Miller,Male
Jordan,Mitchell,Male
Joze,Mlakar,Male
Gabriel,Moeller,Male
Coralie,Monjeau,Female
Laura,Montfulleda,Female
Preston,Morales,Male
Juan,Morgan,Male
Remy,Morris,Female
Rowan,Murphy,Male
Rory,Nguyen,Male
Camille,Nicole,Female
Franc,Novak,Male
Lidia,Nowakowska,Female
Klara,Nowicka,Female
Conrad,Nuber,Male
Martin,Oblak,Male
Engin,Oguz,Male
Anna,Ostrowska,Female
Roman,Ostrowski,Male
Brigitte,Otto,Female
Grace,Owens,Female
Derya,Ozcan,Female
Huseyin,Ozdemir,Male
Salih,Ozkan,Male
Ahmet,Ozturk,Male
Olafs,Paegle,Male
Imelda,Pagnotto,Female
Irma,Palermo,Female
Ariane,Panetier,Female
Olga,Panicucci,Female
Aled,Parri,Male
Anne,Patel,Female
David,Paulet,Male
Petra,Pavlic,Female
Jerzy,Pawlak,Male
Marek,Pawlowski,Male
Rene,Pelletier,Male
Michael,Peltier,Male
Matjaz,Petek,Male
Gebhard,Peters,Male
Romain Petit,Petit,Male
Nina,Petric,Female
Jayden,Phillips,Female
Ortensia,Piazza,Female
Anna,Pidecabanyes,Female
Isotta,Pinto,Female
Maria,Piotrowska,Female
Barbara,Pirc,Female
Ritums,Podnieks,Female
Jiri,Polak,Male
Zuzana,Polaskova,Female
Matiass,Polis,Male
Marko,Potocnik,Male
Joseph,Price,Male
Libuse,Prikrylova,Female
Joana,Puigxoriguer,Female
Ilgonis,Purmals,Female
Majda,Pusnik,Female
Rosa,Pérez,Female
Jesus,Quispe,Male
Bozena,Radova,Female
Riley,Ramirez,Male
Hollie,Rees,Female
Marta,Reixachdamunt,Female
John,Rhys,Male
Tomas,Richardson,Male
Blaise,Richer,Male
Luca,Richter,Male
Maksims,Riekstins,Male
Clara,Rieradevall,Female
Nathan,Rigby,Male
Jerome,Rivard,Male
Amari,Rivera,Female
Maya,Robinson,Female
Andree,Rocher,Female
Hazel,Rodriguez,Female
Juana,Rojas,Female
Benito,Romani,Male
Valeria,Romano,Female
Henry,Ross,Male
Kazimirs,Roze,Female
Bostjan,Rozman,Male
Lorenzo,Russo,Male
Benigno,Sabbatini,Male
Jan,Sachweh,Male
Filip,Safranek,Male
Diego,Sagese,Male
Emine,Sahin,Female
Dakota,Sanchez,Male
Sarmis,Saulitis,Male
Kai,Schmitt,Male
Izaak,Schmitz,Male
Lea,Schneider,Female
Ashley,Schroeder,Female
Nickolaus,Schulz,Male
Helga,Schustereit,Female
Miloslav,Sedlar,Male
Gunay,Sen,Male
Xavier,Serradelarca,Male
Julia,Serradesanferm,Female
Anja,Sever,Female
Ermenegildo,Siciliani,Male
Fabiola,Siciliano,Female
Vladimir,Sima,Male
Hanno,Simon,Male
Demet,Simsek,Female
Bernd,Skopura,Male
Matej,Skorepa,Male
Teodors,Skujins,Male
Liam,Small,Male
Ludmila,Smidova,Female
Reed,Smith,Male
Dominika,Sobczak,Female
Lluis,Sobregrau,Male
Krystyna,Sokolowska,Female
Eric,Solomon,Male
Rudolf,Spousta,Male
Grigorijs,Sprogis,Female
Lenka,Stastna,Female
Mia,Steele,Female
Tyler,Stein,Male
Veronika,Stejskalova,Female
Benjamin,Stuart,Male
Marc,Surinyach,Male
Miroslav,Svoboda,Male
Katerina,Sykorova,Female
Bernadette,Sylvain,Female
Isaac,Talbot,Male
Lisa,Taylor,Female
Hulya,Tekin,Female
Kiros,Teklay,Male
Yordanos,Tesfaye,Female
Cora,Thomas,Female
Monica,Thompson,Female
Piotr,Tomaszewski,Male
Milena,Tomazic,Female
Stanislav,Tomek,Male
Rhodri,Tomos,Male
Rafel,Tornafoch,Male
Devon,Torres,Male
Jose,Torrez,Male
Isabella,Toscano,Female
Mattia,Trentini,Male
Maximilian,Tropschuh,Male
Kidane,Tsehaye,Male
Esra,Turan,Female
Teodors,Turins,Female
Matej,Turk,Male
Ellis,Turner,Female
Adalberto,Udinese,Male
Lodovico,Udinesi,Male
Melis,Unal,Female
Ivana,Ursic,Female
Adam,Vacha,Male
Alena,Valentova,Female
Filips,Vanags,Female
Blanka,Vejvodova,Female
Marjan,Vidmar,Male
Laimonis,Viksna,Female
Alfons,Vitols,Female
Immanuel,Vogel,Male
Nicole,Wagner,Female
Sophie,Walter,Female
Oscar,Ward,Male
Hannah,Weber,Female
Christoph,Werner,Male
Artur,Wieczorek,Male
Jennifer,Wilkins,Female
Dylan,Williams,Male
Adrian,Wilske,Male
Olivia,Wilson,Female
Zofia,Wisniewska,Female
Justyna,Wojciechowska,Female
Abreham,Wolday,Male
Gebre Egziabher,Wolde Mariam,Male
Klarissa,Wolf,Female
Lara,Wolfe,Female
Gabriel,Woods,Male
Blazej,Wozniak,Male
Lois,Wyn,Female
Agnieszka,Wysocka,Female
Jakub,Wysocki,Male
Yigit,Yalcin,Male
Kerem,Yavuz,Male
Mehmet,Yildirim,Male
Elif,Yildiz,Female
Ali,Yilmaz,Male
Miha,Zagar,Male
Milos,Zahradnicek,Male
Mateja,Zajc,Female
Jakub,Zawadzki,Male
Antonin,Zelinka,Male
Aira,Zeltina,Male
Irbe,Ziemele,Female
Mia,Zimmermann,Female
Ilga,Zirne,Male
Sonja,Zorko,Female
Luka,Zupan,Male
Jozica,Zupanc,Female
Jozef,Zupancic,Male
Alida,Zvirbule,Male
