AccountId,AccountNumber,CustomerId,AccountType,AccountStatus,CreatedDate,ClosedDate,Balance,Currency,Description
375977d2-a88e-4c47-abe7-9a8c2ac011bf,ACC-ADB-1000,CID-001,Receivable,Overdue,2018-01-10,,7986.8099999999995,USD,Customer receivable account (ADB)
d22a862c-1102-4d80-b1c1-7524b764ef39,ACC-ADB-1001,CID-002,Receivable,Active,2018-01-10,,0.0,USD,Customer receivable account (ADB)
5966d3c9-d76e-486d-be52-4850dceae572,ACC-ADB-1002,CID-003,Receivable,Active,2018-01-10,,0.0,USD,Customer receivable account (ADB)
b08c5549-92b3-455f-98d9-c1d22dd81d38,ACC-ADB-1003,CID-004,Receivable,Active,2018-01-10,,0.0,USD,Customer receivable account (ADB)
afafbe02-34d6-4edc-a801-2f84dab01504,ACC-ADB-1004,CID-005,Receivable,Active,2018-01-10,,0.0,USD,Customer receivable account (ADB)
ec29887d-a536-4405-b119-2f3941fab4a5,ACC-ADB-1005,CID-006,Receivable,Active,2018-01-10,,0.0,USD,Customer receivable account (ADB)
9a4924b3-50a7-4904-815c-c2bf84e83d25,ACC-ADB-1006,CID-007,Receivable,Overdue,2018-01-10,,1281.08,USD,Customer receivable account (ADB)
ac0d7f8e-6218-4892-bb9d-c0cb6140d462,ACC-ADB-1007,CID-008,Receivable,Active,2018-01-10,,0.0,USD,Customer receivable account (ADB)
60a8eb22-5f81-4da6-98bb-9c24e616bc40,ACC-ADB-1008,CID-009,Receivable,Overdue,2018-01-10,,354.56,USD,Customer receivable account (ADB)
e6eb6916-d3a7-49f4-bed2-cf027f53a39e,ACC-ADB-1009,CID-010,Receivable,Active,2018-01-10,,0.0,USD,Customer receivable account (ADB)
84b24f67-d62b-472e-a76e-e8f536cf6588,ACC-ADB-1010,CID-011,Receivable,Active,2018-01-10,,0.0,USD,Customer receivable account (ADB)
ad97fafe-b47a-4a84-a884-9bddf37af566,ACC-ADB-1011,CID-012,Receivable,Active,2018-01-10,,0.0,USD,Customer receivable account (ADB)
4aa419af-d3ea-4a03-a059-38e1057a535d,ACC-ADB-1012,CID-013,Receivable,Active,2018-01-10,,0.0,USD,Customer receivable account (ADB)
9e68fdbf-0ec1-4dbd-943e-450a91b76b9f,ACC-ADB-1013,CID-014,Receivable,Active,2018-01-10,,0.0,USD,Customer receivable account (ADB)
019c5a4d-3422-4418-85ae-4089dfc41754,ACC-ADB-1014,CID-015,Receivable,Active,2018-01-10,,0.0,USD,Customer receivable account (ADB)
2a99fde5-325e-4ed9-b230-d8793511fcdc,ACC-ADB-1015,CID-016,Receivable,Active,2018-01-10,,0.0,USD,Customer receivable account (ADB)
ecf07dd7-4416-4e3d-9f8f-83d0922b3aa1,ACC-ADB-1016,CID-017,Receivable,Overdue,2018-01-10,,3616.6099999999997,USD,Customer receivable account (ADB)
31d1f1fc-a6c4-490d-9cdc-1ef50db00bb9,ACC-ADB-1017,CID-018,Receivable,Active,2018-01-10,,0.0,USD,Customer receivable account (ADB)
a0c8f3d7-5840-47dc-9d01-54a32631e3cd,ACC-ADB-1018,CID-019,Receivable,Overdue,2018-01-10,,600.06,USD,Customer receivable account (ADB)
9638d046-b102-4205-a2c1-faebfaee5d59,ACC-ADB-1019,CID-020,Receivable,Overdue,2018-01-10,,4793.79,USD,Customer receivable account (ADB)
0b087dca-1a7c-4cd1-8a9e-4c1eb4161e6c,ACC-ADB-1020,CID-021,Receivable,Overdue,2018-01-10,,1271.78,USD,Customer receivable account (ADB)
921f0372-376d-4d25-8f87-4792d48d61a7,ACC-ADB-1021,CID-022,Receivable,Active,2018-01-10,,0.0,USD,Customer receivable account (ADB)
42a28209-cef7-4c05-ba8a-aa7cd881f26d,ACC-ADB-1022,CID-023,Receivable,Active,2018-01-10,,0.0,USD,Customer receivable account (ADB)
7d215d3d-532c-4db8-8516-0ba4d025cb2a,ACC-ADB-1023,CID-024,Receivable,Overdue,2018-01-10,,1798.42,USD,Customer receivable account (ADB)
12f230ef-76a6-4aac-bf10-25d214f4b198,ACC-ADB-1024,CID-025,Receivable,Active,2018-01-10,,0.0,USD,Customer receivable account (ADB)
cb5ffa53-d346-49ff-b7ff-f602444e9b14,ACC-ADB-1025,CID-026,Receivable,Active,2018-01-10,,0.0,USD,Customer receivable account (ADB)
f8e3faec-ca77-4f5f-aca7-cb8b2e69a0f6,ACC-ADB-1026,CID-027,Receivable,Active,2018-01-10,,0.0,USD,Customer receivable account (ADB)
89cf59bc-2195-405f-8427-86810db1995a,ACC-ADB-1027,CID-028,Receivable,Active,2018-01-10,,0.0,USD,Customer receivable account (ADB)
7bf31b49-a33e-48cc-9e9d-5ace78c67d31,ACC-ADB-1028,CID-029,Receivable,Active,2018-01-10,,0.0,USD,Customer receivable account (ADB)
3092af26-b53a-4efe-9b3c-e31580de6bd1,ACC-ADB-1029,CID-030,Receivable,Active,2018-01-10,,0.0,USD,Customer receivable account (ADB)
3e4b2917-774c-4af7-9a5e-5bcec0f1e6fa,ACC-ADB-1030,CID-031,Receivable,Active,2018-01-10,,0.0,USD,Customer receivable account (ADB)
6c9aeab1-06ef-4bb7-b645-67e60ff22730,ACC-ADB-1031,CID-032,Receivable,Overdue,2018-01-10,,118.20000000000005,USD,Customer receivable account (ADB)
facf2ba9-353f-4dc5-ab20-40034d739cd7,ACC-ADB-1032,CID-033,Receivable,Active,2018-01-10,,0.0,USD,Customer receivable account (ADB)
0fffd5e3-1cbf-4379-8433-80b3284bbac7,ACC-ADB-1033,CID-034,Receivable,Overdue,2018-01-10,,1290.8,USD,Customer receivable account (ADB)
07607530-d2cd-4568-90eb-19acb9906017,ACC-ADB-1034,CID-035,Receivable,Active,2018-01-10,,0.0,USD,Customer receivable account (ADB)
5d9baf63-c7af-47e6-b482-6941a18ac70c,ACC-ADB-1035,CID-036,Receivable,Overdue,2018-01-10,,1175.2,USD,Customer receivable account (ADB)
fe081da6-0761-40ad-b159-8c92990f3205,ACC-ADB-1036,CID-037,Receivable,Active,2018-01-10,,0.0,USD,Customer receivable account (ADB)
76a80b1d-2693-4336-8e7b-aa7a730cbd17,ACC-ADB-1037,CID-038,Receivable,Active,2018-01-10,,0.0,USD,Customer receivable account (ADB)
427272a8-0ecc-4a0f-8cc9-95bed7dca78b,ACC-ADB-1038,CID-039,Receivable,Overdue,2018-01-10,,2079.15,USD,Customer receivable account (ADB)
c0aa5660-17d7-4ffa-a389-bdb4f92c30c7,ACC-ADB-1039,CID-040,Receivable,Overdue,2018-01-10,,2804.64,USD,Customer receivable account (ADB)
e82239e3-3325-4f93-bdf7-da91753269e6,ACC-ADB-1040,CID-041,Receivable,Active,2018-01-10,,0.0,USD,Customer receivable account (ADB)
76a0ee61-ae7f-412f-98a4-694470cf9037,ACC-ADB-1041,CID-042,Receivable,Active,2018-01-10,,0.0,USD,Customer receivable account (ADB)
3dae0412-a759-470d-bb6f-1bdeaf9aabe9,ACC-ADB-1042,CID-043,Receivable,Active,2018-01-10,,0.0,USD,Customer receivable account (ADB)
8c0040eb-bb1b-470d-9425-615f26fce413,ACC-ADB-1043,CID-044,Receivable,Active,2018-01-10,,0.0,USD,Customer receivable account (ADB)
36c304a3-78ef-4fe1-ab68-8d4b5ea221af,ACC-ADB-1044,CID-045,Receivable,Overdue,2018-01-10,,446.23,USD,Customer receivable account (ADB)
92d1a2f6-b7ff-4faf-a204-8fb0b5c84b92,ACC-ADB-1045,CID-046,Receivable,Active,2018-01-10,,0.0,USD,Customer receivable account (ADB)
d67ec548-1484-4dc8-9809-4bf3e36ce795,ACC-ADB-1046,CID-047,Receivable,Active,2018-01-10,,0.0,USD,Customer receivable account (ADB)
6c2a09da-82f6-41b4-a498-36b70cf64b93,ACC-ADB-1047,CID-048,Receivable,Overdue,2018-01-10,,1697.72,USD,Customer receivable account (ADB)
98be0af5-c727-44da-bca7-ac21112647db,ACC-ADB-1048,CID-049,Receivable,Active,2018-01-10,,0.0,USD,Customer receivable account (ADB)
84421d12-d6bf-46de-aa8e-44595d50573e,ACC-ADB-1049,CID-050,Receivable,Overdue,2018-01-10,,1762.25,USD,Customer receivable account (ADB)
be9f8ec0-9cdd-46af-ac99-71f45850a4f3,ACC-ADB-1050,CID-051,Receivable,Overdue,2018-01-10,,535.9299999999998,USD,Customer receivable account (ADB)
cb6b7acf-fad6-4a84-947c-079eac6e95c2,ACC-ADB-1051,CID-052,Receivable,Overdue,2018-01-10,,2369.13,USD,Customer receivable account (ADB)
a0e3a827-60fb-4654-8c00-cacab81a8d82,ACC-ADB-1052,CID-053,Receivable,Overdue,2018-01-10,,987.68,USD,Customer receivable account (ADB)
a6e034b2-173a-460c-bae2-915fd305cf16,ACC-ADB-1053,CID-054,Receivable,Overdue,2018-01-10,,5222.53,USD,Customer receivable account (ADB)
af44ee6d-0354-4e10-88ab-1ddc518d4302,ACC-ADB-1054,CID-055,Receivable,Active,2018-01-10,,0.0,USD,Customer receivable account (ADB)
c33e403c-a7be-4f67-a67e-12b0b4ea6dfd,ACC-ADB-1055,CID-056,Receivable,Overdue,2018-01-10,,4147.389999999999,USD,Customer receivable account (ADB)
6fa223f5-5c64-4544-8ee2-d652fcb7a0eb,ACC-ADB-1056,CID-057,Receivable,Active,2018-01-10,,0.0,USD,Customer receivable account (ADB)
b73331b7-db70-4b3d-8f00-64c8e4bc6144,ACC-ADB-1057,CID-058,Receivable,Active,2018-01-10,,0.0,USD,Customer receivable account (ADB)
e94483a8-5193-46f7-83bd-acdf9c0a0f1d,ACC-ADB-1058,CID-059,Receivable,Overdue,2018-01-10,,1355.91,USD,Customer receivable account (ADB)
16fe8f66-c930-46e4-aca8-e0353529a4a8,ACC-ADB-1059,CID-060,Receivable,Active,2018-01-10,,0.0,USD,Customer receivable account (ADB)
8c93363b-5efd-4082-8500-a25f237b4b60,ACC-ADB-1060,CID-061,Receivable,Active,2018-01-10,,0.0,USD,Customer receivable account (ADB)
96b91a2b-f6ec-4a2f-8d56-f54c6b0c6d11,ACC-ADB-1061,CID-062,Receivable,Overdue,2018-01-10,,1965.47,USD,Customer receivable account (ADB)
12d1820a-621e-4501-93de-4f442348e0ba,ACC-ADB-1062,CID-063,Receivable,Overdue,2018-01-10,,2016.86,USD,Customer receivable account (ADB)
8664cebb-eac8-4352-ae7b-1e320265297e,ACC-ADB-1063,CID-064,Receivable,Active,2018-01-10,,0.0,USD,Customer receivable account (ADB)
3d5742c8-9b8c-4546-bc19-60f1cf7ba23f,ACC-ADB-1064,CID-065,Receivable,Overdue,2018-01-10,,520.12,USD,Customer receivable account (ADB)
b764588a-9f6d-45ba-805e-c3d052af966b,ACC-ADB-1065,CID-066,Receivable,Overdue,2018-01-10,,212.81999999999994,USD,Customer receivable account (ADB)
c3024230-c09a-4b46-a404-36bc44e34d9a,ACC-ADB-1066,CID-067,Receivable,Active,2018-01-10,,0.0,USD,Customer receivable account (ADB)
e7296ffb-b9d4-4810-befc-42dbdb5d9e4b,ACC-ADB-1067,CID-068,Receivable,Active,2018-01-10,,0.0,USD,Customer receivable account (ADB)
7b6cd1dd-156d-456a-8d70-b5cf2b5ec8a5,ACC-ADB-1068,CID-069,Receivable,Active,2018-01-10,,0.0,USD,Customer receivable account (ADB)
291257c3-d130-4924-bc4d-232ea51642d4,ACC-ADB-1069,CID-070,Receivable,Active,2018-01-10,,0.0,USD,Customer receivable account (ADB)
fa03d82f-0f32-414d-8ba3-d69a984c3707,ACC-ADB-1070,CID-071,Receivable,Active,2018-01-10,,0.0,USD,Customer receivable account (ADB)
bf48ec50-367a-4ea4-b0eb-5143f3f74775,ACC-ADB-1071,CID-072,Receivable,Active,2018-01-10,,0.0,USD,Customer receivable account (ADB)
c538a880-e6bb-4c62-8de9-aa22ab140256,ACC-ADB-1072,CID-073,Receivable,Active,2018-01-10,,0.0,USD,Customer receivable account (ADB)
6c76b521-7b61-4980-a42f-05491634eb91,ACC-ADB-1073,CID-074,Receivable,Active,2018-01-10,,0.0,USD,Customer receivable account (ADB)
db7cc7a9-b595-4260-a443-f3e2dadc238e,ACC-ADB-1074,CID-075,Receivable,Overdue,2018-01-10,,2677.64,USD,Customer receivable account (ADB)
9a93e65d-21a6-41a3-8836-ea26073db8b0,ACC-ADB-1075,CID-076,Receivable,Overdue,2018-01-10,,2047.27,USD,Customer receivable account (ADB)
09f0f341-d844-4250-825c-5f914ff04c9d,ACC-ADB-1076,CID-077,Receivable,Overdue,2018-01-10,,1656.91,USD,Customer receivable account (ADB)
fd82c84c-273f-4a4d-adce-8d53c1492c46,ACC-ADB-1077,CID-078,Receivable,Active,2018-01-10,,0.0,USD,Customer receivable account (ADB)
e28e5425-56f3-42d3-ae0d-c9a3fde12cf6,ACC-ADB-1078,CID-079,Receivable,Overdue,2018-01-10,,2326.07,USD,Customer receivable account (ADB)
d9b6cead-1c87-4252-afa7-b89bc258c780,ACC-ADB-1079,CID-080,Receivable,Active,2018-01-10,,0.0,USD,Customer receivable account (ADB)
455ec92d-26ca-4d4c-8120-422c65237413,ACC-ADB-1080,CID-081,Receivable,Overdue,2018-01-10,,2054.14,USD,Customer receivable account (ADB)
4041beb9-4588-4602-9abd-4b449efe253f,ACC-ADB-1081,CID-082,Receivable,Overdue,2018-01-10,,3203.13,USD,Customer receivable account (ADB)
3dece097-94a7-4776-beab-2e7f43cbc88e,ACC-ADB-1082,CID-083,Receivable,Active,2018-01-10,,0.0,USD,Customer receivable account (ADB)
5e09cabf-7337-4349-9088-b26619b7d19f,ACC-ADB-1083,CID-084,Receivable,Overdue,2018-01-10,,2043.38,USD,Customer receivable account (ADB)
75efae7e-fac7-4ed2-b8af-87a8b0f0171c,ACC-ADB-1084,CID-085,Receivable,Active,2018-01-10,,0.0,USD,Customer receivable account (ADB)
40563404-b182-4cec-82a2-20529b444850,ACC-ADB-1085,CID-086,Receivable,Active,2018-01-10,,0.0,USD,Customer receivable account (ADB)
d529fde5-fd82-45a9-98d4-5da2e2b1c2cc,ACC-ADB-1086,CID-087,Receivable,Overdue,2018-01-10,,635.13,USD,Customer receivable account (ADB)
45905b51-ff6b-45be-8070-ca9e937852b6,ACC-ADB-1087,CID-088,Receivable,Active,2018-01-10,,0.0,USD,Customer receivable account (ADB)
9e6e9f58-01a5-4dfe-8820-3308860f0aa9,ACC-ADB-1088,CID-089,Receivable,Overdue,2018-01-10,,1427.4099999999999,USD,Customer receivable account (ADB)
c0220f60-f985-46ff-b17d-a780d9a6370d,ACC-ADB-1089,CID-090,Receivable,Overdue,2018-01-10,,68.15000000000009,USD,Customer receivable account (ADB)
ff375bc3-a5a9-4330-a71f-03756f1418c8,ACC-ADB-1090,CID-091,Receivable,Overdue,2018-01-10,,820.09,USD,Customer receivable account (ADB)
a946364c-9258-4297-8776-3c88cd493abd,ACC-ADB-1091,CID-092,Receivable,Active,2018-01-10,,0.0,USD,Customer receivable account (ADB)
0a154a85-9b6b-4555-a81f-ae9f6bae3cc5,ACC-ADB-1092,CID-093,Receivable,Active,2018-01-10,,0.0,USD,Customer receivable account (ADB)
968fb209-c5ae-42b6-a0c7-276fab2a9d29,ACC-ADB-1093,CID-094,Receivable,Active,2018-01-10,,0.0,USD,Customer receivable account (ADB)
b724882d-24de-4b10-9c1e-9e873ea06ad4,ACC-ADB-1094,CID-095,Receivable,Active,2018-01-10,,0.0,USD,Customer receivable account (ADB)
489f849a-98e6-4b31-b85b-482e073dc197,ACC-ADB-1095,CID-096,Receivable,Overdue,2018-01-10,,1076.85,USD,Customer receivable account (ADB)
e16f43f5-957c-41b5-aa88-4e7bec277d18,ACC-ADB-1096,CID-097,Receivable,Active,2018-01-10,,0.0,USD,Customer receivable account (ADB)
51097103-6b3f-48f5-9f1a-d0c906f205dd,ACC-ADB-1097,CID-098,Receivable,Active,2018-01-10,,0.0,USD,Customer receivable account (ADB)
62d002b4-54d7-41d8-afda-45927a8e9e33,ACC-ADB-1098,CID-099,Receivable,Active,2018-01-10,,0.0,USD,Customer receivable account (ADB)
ef8750c9-eddc-4bc6-a816-f0f01f1d8bcd,ACC-ADB-1099,CID-100,Receivable,Overdue,2018-01-10,,1515.8,USD,Customer receivable account (ADB)
5d099384-f163-44c1-95b2-ae18ac90b09e,ACC-ADB-1100,CID-101,Receivable,Active,2018-01-10,,0.0,USD,Customer receivable account (ADB)
1b123842-7c76-4520-8e4b-2830c96d5e76,ACC-ADB-1101,CID-102,Receivable,Active,2018-01-10,,0.0,USD,Customer receivable account (ADB)
1185bfba-4e01-438e-861f-8eba3989452e,ACC-ADB-1102,CID-103,Receivable,Active,2018-01-10,,0.0,USD,Customer receivable account (ADB)
1d45bbd4-a845-49f6-944c-6c5713e8ebf3,ACC-ADB-1103,CID-104,Receivable,Active,2018-01-10,,0.0,USD,Customer receivable account (ADB)
dc7d19f3-9648-46a5-8e0c-12f7d11d1933,ACC-ADB-1104,CID-105,Receivable,Active,2018-01-10,,0.0,USD,Customer receivable account (ADB)
84232d2a-c9d5-40b1-bf82-39bf0ba693b4,ACC-ADB-1105,CID-106,Receivable,Overdue,2018-01-10,,2355.25,USD,Customer receivable account (ADB)
f4a011ad-d689-4783-bf53-e1aadee0ddb3,ACC-ADB-1106,CID-107,Receivable,Active,2018-01-10,,0.0,USD,Customer receivable account (ADB)
2bd3bb32-51ba-42d4-b22c-2adb8fe23292,ACC-ADB-1107,CID-108,Receivable,Active,2018-01-10,,0.0,USD,Customer receivable account (ADB)
f31fc442-1893-4aa3-98d4-3787289c8060,ACC-ADB-1108,CID-109,Receivable,Active,2018-01-10,,0.0,USD,Customer receivable account (ADB)
2b2c3a73-0cd9-4ebf-b76a-d9651b7c56d1,ACC-ADB-1109,CID-110,Receivable,Active,2018-01-10,,0.0,USD,Customer receivable account (ADB)
71d1ce19-75c8-4c41-8d1f-1ae290f3e114,ACC-ADB-1110,CID-111,Receivable,Active,2018-01-10,,0.0,USD,Customer receivable account (ADB)
4c6d74de-3be7-42ad-96d3-36e4cbd1ac2c,ACC-ADB-1111,CID-112,Receivable,Overdue,2018-01-10,,2985.9799999999996,USD,Customer receivable account (ADB)
9c66188a-cb92-4213-b96d-eeba7f7645fd,ACC-ADB-1112,CID-113,Receivable,Active,2018-01-10,,0.0,USD,Customer receivable account (ADB)
75938c0f-1d53-4383-a372-d8322e3a1c90,ACC-ADB-1113,CID-114,Receivable,Overdue,2018-01-10,,1372.38,USD,Customer receivable account (ADB)
26af49cf-de2c-4135-b85f-8d784acf7eab,ACC-ADB-1114,CID-115,Receivable,Overdue,2018-01-10,,1229.6,USD,Customer receivable account (ADB)
e29e082c-5374-424a-bc60-69967fa48651,ACC-ADB-1115,CID-116,Receivable,Overdue,2018-01-10,,3592.1099999999997,USD,Customer receivable account (ADB)
0e9933dd-7896-4b07-bd26-1e1e6d479573,ACC-ADB-1116,CID-117,Receivable,Overdue,2018-01-10,,173.42000000000007,USD,Customer receivable account (ADB)
dd5e09af-0662-461e-8e6d-c867bd4b3d3a,ACC-ADB-1117,CID-118,Receivable,Overdue,2018-01-10,,625.1700000000001,USD,Customer receivable account (ADB)
807e618e-a61d-4847-9a53-29b1e3a539d6,ACC-ADB-1118,CID-119,Receivable,Overdue,2018-01-10,,1195.66,USD,Customer receivable account (ADB)
53356ef6-8cf1-4ff2-8efd-9c4cd928b77a,ACC-ADB-1119,CID-120,Receivable,Overdue,2018-01-10,,2311.3,USD,Customer receivable account (ADB)
fbcf9543-7d2b-4c33-9629-d6d744256fb0,ACC-ADB-1120,CID-121,Receivable,Overdue,2018-01-10,,1072.14,USD,Customer receivable account (ADB)
5bcce40a-faeb-42e4-aad7-898cfcd5ce59,ACC-ADB-1121,CID-122,Receivable,Active,2018-01-10,,0.0,USD,Customer receivable account (ADB)
88a4e2ba-99d1-4cb0-b509-fefbbd1edcf0,ACC-ADB-1122,CID-123,Receivable,Active,2018-01-10,,0.0,USD,Customer receivable account (ADB)
f31bc597-af30-4a06-ad81-598597587a13,ACC-ADB-1123,CID-124,Receivable,Overdue,2018-01-10,,281.1500000000001,USD,Customer receivable account (ADB)
aa89c209-ab8c-41ab-8f4a-38bda1c11dec,ACC-ADB-1124,CID-125,Receivable,Overdue,2018-01-10,,1855.41,USD,Customer receivable account (ADB)
4ac199f4-a27c-490e-b0a7-04939f17393a,ACC-ADB-1125,CID-126,Receivable,Active,2018-01-10,,0.0,USD,Customer receivable account (ADB)
ceab6130-6a8d-4af7-9b4a-9269b59b1b08,ACC-ADB-1126,CID-127,Receivable,Overdue,2018-01-10,,2636.8599999999997,USD,Customer receivable account (ADB)
488196f8-dafb-4a4a-b113-e2c5b95f0af0,ACC-ADB-1127,CID-128,Receivable,Overdue,2018-01-10,,3842.8900000000003,USD,Customer receivable account (ADB)
90610c65-2a81-4615-8c9f-2afdc96c44e1,ACC-ADB-1128,CID-129,Receivable,Overdue,2018-01-10,,2057.16,USD,Customer receivable account (ADB)
35c11b3b-e539-41ba-bbbb-f9a0a3270f78,ACC-ADB-1129,CID-130,Receivable,Active,2018-01-10,,0.0,USD,Customer receivable account (ADB)
8e6a7688-da5f-43cd-8ad3-c85e6e8d071b,ACC-ADB-1130,CID-131,Receivable,Active,2018-01-10,,0.0,USD,Customer receivable account (ADB)
b6caa824-fc5a-4c75-b75d-c74df4fbcee3,ACC-ADB-1131,CID-132,Receivable,Active,2018-01-10,,0.0,USD,Customer receivable account (ADB)
128bacb4-8d57-4bdb-9b67-4906d0d14917,ACC-ADB-1132,CID-133,Receivable,Overdue,2018-01-10,,1292.67,USD,Customer receivable account (ADB)
25cb74c7-fb5d-49cb-807d-4716aae877f7,ACC-ADB-1133,CID-134,Receivable,Active,2018-01-10,,0.0,USD,Customer receivable account (ADB)
25efd388-a612-44ea-9204-900d820ef07f,ACC-ADB-1134,CID-135,Receivable,Overdue,2018-01-10,,723.5700000000002,USD,Customer receivable account (ADB)
e0078e75-08c0-4953-a677-7dae9900371f,ACC-ADB-1135,CID-136,Receivable,Overdue,2018-01-10,,2208.21,USD,Customer receivable account (ADB)
9dc7b8d0-3239-4442-8a47-528b56c6c498,ACC-ADB-1136,CID-137,Receivable,Overdue,2018-01-10,,2330.19,USD,Customer receivable account (ADB)
74a73000-5db1-4ef3-9b6f-85c3b793595f,ACC-ADB-1137,CID-138,Receivable,Overdue,2018-01-10,,1558.4,USD,Customer receivable account (ADB)
dc79238a-8342-435f-a446-457a92efcc21,ACC-ADB-1138,CID-139,Receivable,Overdue,2018-01-10,,2710.25,USD,Customer receivable account (ADB)
6c5f6426-50d3-45f4-9409-57d14ef79bb2,ACC-ADB-1139,CID-140,Receivable,Active,2018-01-10,,0.0,USD,Customer receivable account (ADB)
2d9d7c4f-03e8-4563-a4df-61f9d05c9639,ACC-ADB-1140,CID-141,Receivable,Overdue,2018-01-10,,413.05,USD,Customer receivable account (ADB)
45791ff4-1113-4b02-8635-32f5b9e85d8e,ACC-ADB-1141,CID-142,Receivable,Overdue,2018-01-10,,1066.4799999999998,USD,Customer receivable account (ADB)
49541c2b-ac62-4a6d-a298-5177c1c16c6e,ACC-ADB-1142,CID-143,Receivable,Active,2018-01-10,,0.0,USD,Customer receivable account (ADB)
3af40c5e-fcac-40a4-8e70-690905a8b6bc,ACC-ADB-1143,CID-144,Receivable,Active,2018-01-10,,0.0,USD,Customer receivable account (ADB)
c8bb5443-0715-4b80-ac09-691ef103ec56,ACC-ADB-1144,CID-145,Receivable,Overdue,2018-01-10,,521.48,USD,Customer receivable account (ADB)
25e89ee9-3b25-4a0a-9793-207019c3159e,ACC-ADB-1145,CID-146,Receivable,Overdue,2018-01-10,,1144.02,USD,Customer receivable account (ADB)
eaac4365-79fa-4749-b8e7-cdb3ce3c2320,ACC-ADB-1146,CID-147,Receivable,Active,2018-01-10,,0.0,USD,Customer receivable account (ADB)
ff3ed643-04d3-4a33-b6fc-190372923924,ACC-ADB-1147,CID-148,Receivable,Active,2018-01-10,,0.0,USD,Customer receivable account (ADB)
4e65c24e-837f-45db-9af9-0e8b459f931b,ACC-ADB-1148,CID-149,Receivable,Overdue,2018-01-10,,641.1600000000001,USD,Customer receivable account (ADB)
e80f7562-ecee-49ee-8b67-3d8943c346e2,ACC-ADB-1149,CID-150,Receivable,Active,2018-01-10,,0.0,USD,Customer receivable account (ADB)
1c36d104-3d2b-475e-9a9c-1e682b0cca60,ACC-ADB-1150,CID-151,Receivable,Overdue,2018-01-10,,3928.6800000000003,USD,Customer receivable account (ADB)
a9066c25-31af-4f7a-875c-40eb97f01d35,ACC-ADB-1151,CID-152,Receivable,Overdue,2018-01-10,,951.3800000000001,USD,Customer receivable account (ADB)
b21409ad-fb66-49c8-b1b8-3fc4ac1206ed,ACC-ADB-1152,CID-153,Receivable,Active,2018-01-10,,0.0,USD,Customer receivable account (ADB)
32282a20-7c89-4a10-9f5e-4fb8de199030,ACC-ADB-1153,CID-154,Receivable,Active,2018-01-10,,0.0,USD,Customer receivable account (ADB)
511dac58-ad6e-4388-b081-0b44eb5ce2a5,ACC-ADB-1154,CID-155,Receivable,Active,2018-01-10,,0.0,USD,Customer receivable account (ADB)
e7f1921e-ac51-4e0a-bbba-dd957bcb83a6,ACC-ADB-1155,CID-156,Receivable,Active,2018-01-10,,0.0,USD,Customer receivable account (ADB)
f23fc86b-98f1-42bc-8ae3-6e329c4223c8,ACC-ADB-1156,CID-157,Receivable,Active,2018-01-10,,0.0,USD,Customer receivable account (ADB)
fbca8124-414e-4268-9c4a-70a64bf0396b,ACC-ADB-1157,CID-158,Receivable,Active,2018-01-10,,0.0,USD,Customer receivable account (ADB)
f289f3e7-8249-4bf2-8692-bddf21c9458a,ACC-ADB-1158,CID-159,Receivable,Overdue,2018-01-10,,1434.23,USD,Customer receivable account (ADB)
4ad936cd-f6ff-409e-a6de-83e8356dbf46,ACC-ADB-1159,CID-160,Receivable,Overdue,2018-01-10,,2574.17,USD,Customer receivable account (ADB)
0afa6579-3bcf-4511-9a5c-a45b589b1426,ACC-ADB-1160,CID-161,Receivable,Active,2018-01-10,,0.0,USD,Customer receivable account (ADB)
be12545e-bafc-4e22-b783-dc8492d9bad6,ACC-ADB-1161,CID-162,Receivable,Active,2018-01-10,,0.0,USD,Customer receivable account (ADB)
70cb55c5-64d3-47f7-84ec-c4b68322bc85,ACC-ADB-1162,CID-163,Receivable,Overdue,2018-01-10,,685.4000000000001,USD,Customer receivable account (ADB)
1ad58101-541c-43ca-b0d6-ec243d1d7e08,ACC-ADB-1163,CID-164,Receivable,Active,2018-01-10,,0.0,USD,Customer receivable account (ADB)
58d3f4b8-0666-4e38-b9db-aecc5c497004,ACC-ADB-1164,CID-165,Receivable,Active,2018-01-10,,0.0,USD,Customer receivable account (ADB)
2ce404ec-5d37-41a1-a17e-45717e3ca083,ACC-ADB-1165,CID-166,Receivable,Overdue,2018-01-10,,3114.29,USD,Customer receivable account (ADB)
85f8e2f9-b07f-4273-b5ab-e5e469be78f7,ACC-ADB-1166,CID-167,Receivable,Active,2018-01-10,,0.0,USD,Customer receivable account (ADB)
32699c4f-de86-44e7-be81-573f1fe16754,ACC-ADB-1167,CID-168,Receivable,Active,2018-01-10,,0.0,USD,Customer receivable account (ADB)
3b66f7b4-7693-41f5-8f93-2f2efdade756,ACC-ADB-1168,CID-169,Receivable,Active,2018-01-10,,0.0,USD,Customer receivable account (ADB)
49e1ab0b-58f6-4aa2-a0b5-34c76c646ae2,ACC-ADB-1169,CID-170,Receivable,Active,2018-01-10,,0.0,USD,Customer receivable account (ADB)
7c99274a-82fe-4be4-a14e-f00ab6dacc50,ACC-ADB-1170,CID-171,Receivable,Overdue,2018-01-10,,1585.89,USD,Customer receivable account (ADB)
8ca43822-650e-4c5d-ab2c-02d05b35b8de,ACC-ADB-1171,CID-172,Receivable,Active,2018-01-10,,0.0,USD,Customer receivable account (ADB)
f8a54f73-b902-4718-a0a6-7281b3eff463,ACC-ADB-1172,CID-173,Receivable,Active,2018-01-10,,0.0,USD,Customer receivable account (ADB)
c83380ff-6421-49d6-a0f7-bf9dcab55d44,ACC-ADB-1173,CID-174,Receivable,Overdue,2018-01-10,,427.52000000000004,USD,Customer receivable account (ADB)
b95fa3f1-99f7-4840-854e-f7ecb16cf70c,ACC-ADB-1174,CID-175,Receivable,Active,2018-01-10,,0.0,USD,Customer receivable account (ADB)
c603407e-bd27-4c51-b2d3-912dbce2e7b9,ACC-ADB-1175,CID-176,Receivable,Active,2018-01-10,,0.0,USD,Customer receivable account (ADB)
23a0455b-5c8e-488a-a7b4-4cdbb24b9077,ACC-ADB-1176,CID-177,Receivable,Overdue,2018-01-10,,2773.71,USD,Customer receivable account (ADB)
aeb4ec8c-8be9-4505-83a2-9d7583d7ce4a,ACC-ADB-1177,CID-178,Receivable,Overdue,2018-01-10,,2077.48,USD,Customer receivable account (ADB)
f477e6c0-0bc4-46f4-a05c-a99cb25222fb,ACC-ADB-1178,CID-179,Receivable,Active,2018-01-10,,0.0,USD,Customer receivable account (ADB)
f4ac15c3-f34a-4852-b6bc-06521d58a49f,ACC-ADB-1179,CID-180,Receivable,Overdue,2018-01-10,,2517.37,USD,Customer receivable account (ADB)
fd4b0be5-41ee-48a4-88dd-dcd9f4792ec0,ACC-ADB-1180,CID-181,Receivable,Overdue,2018-01-10,,2240.34,USD,Customer receivable account (ADB)
12c6a1f5-2dcb-4ebb-92bf-d5bd0ffe9db7,ACC-ADB-1181,CID-182,Receivable,Active,2018-01-10,,0.0,USD,Customer receivable account (ADB)
a2cbe2d4-fb42-4ae6-8862-6c8a476a9349,ACC-ADB-1182,CID-183,Receivable,Active,2018-01-10,,0.0,USD,Customer receivable account (ADB)
d38184a0-4725-40db-9210-1508cb411849,ACC-ADB-1183,CID-184,Receivable,Active,2018-01-10,,0.0,USD,Customer receivable account (ADB)
2a3b668c-f69f-4534-8dc0-a40d0cd19968,ACC-ADB-1184,CID-185,Receivable,Active,2018-01-10,,0.0,USD,Customer receivable account (ADB)
37c1054c-a27c-40b7-8cd2-6a730d499906,ACC-ADB-1185,CID-186,Receivable,Overdue,2018-01-10,,880.35,USD,Customer receivable account (ADB)
8cdf1ad9-7d28-4e28-8127-51ae94db0a5e,ACC-ADB-1186,CID-187,Receivable,Active,2018-01-10,,0.0,USD,Customer receivable account (ADB)
757f5d8b-ff5f-44aa-b850-722848d62374,ACC-ADB-1187,CID-188,Receivable,Active,2018-01-10,,0.0,USD,Customer receivable account (ADB)
e74281c2-05f9-4361-a719-fe93165f038d,ACC-ADB-1188,CID-189,Receivable,Overdue,2018-01-10,,122.03,USD,Customer receivable account (ADB)
08403833-00da-4ba8-8b0f-13662eb691fb,ACC-ADB-1189,CID-190,Receivable,Active,2018-01-10,,0.0,USD,Customer receivable account (ADB)
26892c67-c357-49bd-9a62-a7bba5990fa6,ACC-ADB-1190,CID-191,Receivable,Overdue,2018-01-10,,980.45,USD,Customer receivable account (ADB)
6b4e2c1e-14d2-49eb-aac3-88e3ee3c8039,ACC-ADB-1191,CID-192,Receivable,Active,2018-01-10,,0.0,USD,Customer receivable account (ADB)
a7eabec8-5f33-45fd-98a5-3db6ac007f7a,ACC-ADB-1192,CID-193,Receivable,Active,2018-01-10,,0.0,USD,Customer receivable account (ADB)
dfbbdcee-d5a2-461b-a734-f1761df29787,ACC-ADB-1193,CID-194,Receivable,Active,2018-01-10,,0.0,USD,Customer receivable account (ADB)
a170cbf9-87df-4710-980b-5984e22a5567,ACC-ADB-1194,CID-195,Receivable,Active,2018-01-10,,0.0,USD,Customer receivable account (ADB)
960a84d9-f984-492b-ab42-20cabb5f9200,ACC-ADB-1195,CID-196,Receivable,Active,2018-01-10,,0.0,USD,Customer receivable account (ADB)
72e269a2-e18b-446b-be6a-fcf351e1dc48,ACC-ADB-1196,CID-197,Receivable,Active,2018-01-10,,0.0,USD,Customer receivable account (ADB)
281acf40-36ba-48ef-a5b6-c43ce449fd05,ACC-ADB-1197,CID-198,Receivable,Overdue,2018-01-10,,1653.99,USD,Customer receivable account (ADB)
21dba434-cdbe-4f88-9df4-b26beb3c0eb0,ACC-ADB-1198,CID-199,Receivable,Active,2018-01-10,,0.0,USD,Customer receivable account (ADB)
34862c66-fc44-48c1-b77e-f2144c28de77,ACC-ADB-1199,CID-200,Receivable,Overdue,2018-01-10,,1510.29,USD,Customer receivable account (ADB)
b5fbafcd-c89f-4e6e-9429-e1a2266a114c,ACC-ADB-1200,CID-201,Receivable,Active,2018-01-10,,0.0,USD,Customer receivable account (ADB)
fb0db463-f1b2-48d3-8183-9662335ac73b,ACC-ADB-1201,CID-202,Receivable,Active,2018-01-10,,0.0,USD,Customer receivable account (ADB)
53b5a625-026b-4235-8be0-1bc4d8940972,ACC-ADB-1202,CID-203,Receivable,Active,2018-01-10,,0.0,USD,Customer receivable account (ADB)
2e1c57ec-bd88-4fef-a32f-9e56f858459c,ACC-ADB-1203,CID-204,Receivable,Active,2018-01-10,,0.0,USD,Customer receivable account (ADB)
063b91ef-0f8c-4b40-bd5b-5c0b3b9ae980,ACC-ADB-1204,CID-205,Receivable,Active,2018-01-10,,0.0,USD,Customer receivable account (ADB)
2edd9a4a-fd98-4692-a99f-aba757ad1688,ACC-ADB-1205,CID-206,Receivable,Active,2018-01-10,,0.0,USD,Customer receivable account (ADB)
1ea7daea-e599-4880-aad0-d3562939c4d5,ACC-ADB-1206,CID-207,Receivable,Overdue,2018-01-10,,1818.57,USD,Customer receivable account (ADB)
4b92b613-b480-40aa-a41e-88dfbc8b92af,ACC-ADB-1207,CID-208,Receivable,Overdue,2018-01-10,,4233.96,USD,Customer receivable account (ADB)
71d6fdf6-8322-4530-9b27-9418f2bcc348,ACC-ADB-1208,CID-209,Receivable,Overdue,2018-01-10,,588.88,USD,Customer receivable account (ADB)
d3519c65-8bbc-447b-af1f-95c7fef40c1e,ACC-ADB-1209,CID-210,Receivable,Active,2018-01-10,,0.0,USD,Customer receivable account (ADB)
8337d54e-8a4a-40c6-896e-f1e309e3d8a8,ACC-ADB-1210,CID-211,Receivable,Active,2018-01-10,,0.0,USD,Customer receivable account (ADB)
a908c373-f2be-4858-9446-4870cb3c6ea7,ACC-ADB-1211,CID-212,Receivable,Overdue,2018-01-10,,2182.65,USD,Customer receivable account (ADB)
551d7ff2-6508-4e09-a5cd-30eb9e39e0c1,ACC-ADB-1212,CID-213,Receivable,Active,2018-01-10,,0.0,USD,Customer receivable account (ADB)
fc883901-bc2d-40d0-ac79-6e000dc4518c,ACC-ADB-1213,CID-214,Receivable,Active,2018-01-10,,0.0,USD,Customer receivable account (ADB)
4d841fe3-e5e7-413d-917e-07e85e505ce2,ACC-ADB-1214,CID-215,Receivable,Active,2018-01-10,,0.0,USD,Customer receivable account (ADB)
06091583-ed02-4a70-b401-16dc8ab8ffc9,ACC-ADB-1215,CID-216,Receivable,Active,2018-01-10,,0.0,USD,Customer receivable account (ADB)
b897d08d-c4d6-4a67-ab3b-5067199ea92b,ACC-ADB-1216,CID-217,Receivable,Active,2018-01-10,,0.0,USD,Customer receivable account (ADB)
026b2b76-4d4e-49d6-841c-b8424bfc2192,ACC-ADB-1217,CID-218,Receivable,Active,2018-01-10,,0.0,USD,Customer receivable account (ADB)
3835a91d-7cc4-43db-8a5f-a67b7dc63d20,ACC-ADB-1218,CID-219,Receivable,Active,2018-01-10,,0.0,USD,Customer receivable account (ADB)
c2617aad-f480-43f5-b655-6c77f0f76dcf,ACC-ADB-1219,CID-220,Receivable,Overdue,2018-01-10,,564.5,USD,Customer receivable account (ADB)
dca916a9-471c-41fb-bc38-91da5806743f,ACC-ADB-1220,CID-221,Receivable,Active,2018-01-10,,0.0,USD,Customer receivable account (ADB)
67ccbbf1-8ac7-4b69-bd3f-276f46c93d96,ACC-ADB-1221,CID-222,Receivable,Active,2018-01-10,,0.0,USD,Customer receivable account (ADB)
b3879c16-791c-4ef9-b6ed-84753a847425,ACC-ADB-1222,CID-223,Receivable,Overdue,2018-01-10,,3807.92,USD,Customer receivable account (ADB)
03cb24af-2359-430a-83e2-08afb20eb573,ACC-ADB-1223,CID-224,Receivable,Active,2018-01-10,,0.0,USD,Customer receivable account (ADB)
5ed7d260-4bad-4cd2-b80e-fec026f1f1f3,ACC-ADB-1224,CID-225,Receivable,Active,2018-01-10,,0.0,USD,Customer receivable account (ADB)
b1104ab2-8d58-4927-83c5-86bca0e038a8,ACC-ADB-1225,CID-226,Receivable,Active,2018-01-10,,0.0,USD,Customer receivable account (ADB)
4369ca1c-fc43-4f8b-a62f-720cc6127f0a,ACC-ADB-1226,CID-227,Receivable,Active,2018-01-10,,0.0,USD,Customer receivable account (ADB)
aee0e28e-cf7f-4795-a57f-ce21dda850a7,ACC-ADB-1227,CID-228,Receivable,Active,2018-01-10,,0.0,USD,Customer receivable account (ADB)
bf21f9b0-5b5d-42bd-bf5a-12a5bcba92eb,ACC-ADB-1228,CID-229,Receivable,Active,2018-01-10,,0.0,USD,Customer receivable account (ADB)
e664b7ec-650c-4780-9eac-fb5cb96f1b23,ACC-ADB-1229,CID-230,Receivable,Overdue,2018-01-10,,228.71,USD,Customer receivable account (ADB)
1a663229-0b6b-4d84-8f27-dfed84cf9dfb,ACC-ADB-1230,CID-231,Receivable,Active,2018-01-10,,0.0,USD,Customer receivable account (ADB)
2edc15b9-8ac9-47c6-baba-e47c1cf417c7,ACC-ADB-1231,CID-232,Receivable,Active,2018-01-10,,0.0,USD,Customer receivable account (ADB)
994c761a-148e-4e08-941e-3526b08787fd,ACC-ADB-1232,CID-233,Receivable,Active,2018-01-10,,0.0,USD,Customer receivable account (ADB)
5bec7fd1-d978-448b-80fb-1c105835bfbe,ACC-ADB-1233,CID-234,Receivable,Active,2018-01-10,,0.0,USD,Customer receivable account (ADB)
0dd9523c-5d1b-4c81-9e03-a38ba3870fd9,ACC-ADB-1234,CID-235,Receivable,Overdue,2018-01-10,,557.39,USD,Customer receivable account (ADB)
36f78c0d-1c9f-430a-9d42-58a41b9bc9be,ACC-ADB-1235,CID-236,Receivable,Overdue,2018-01-10,,1633.75,USD,Customer receivable account (ADB)
64961a4c-20c0-449b-8954-ebd16563b4a7,ACC-ADB-1236,CID-237,Receivable,Active,2018-01-10,,0.0,USD,Customer receivable account (ADB)
2f00369f-2577-4125-9c2d-ba6dbfb58399,ACC-ADB-1237,CID-238,Receivable,Overdue,2018-01-10,,895.6300000000001,USD,Customer receivable account (ADB)
2deaa66e-1bbe-4af5-87d1-4fed6a9538ff,ACC-ADB-1238,CID-239,Receivable,Overdue,2018-01-10,,5312.76,USD,Customer receivable account (ADB)
13dd8e44-65b0-44ab-82cb-357b3c2a582b,ACC-ADB-1239,CID-240,Receivable,Active,2018-01-10,,0.0,USD,Customer receivable account (ADB)
35ff42f6-e8cd-482d-be9e-417cf8e8ac5e,ACC-ADB-1240,CID-241,Receivable,Active,2018-01-10,,0.0,USD,Customer receivable account (ADB)
5ef59fd0-26c8-4202-9f21-433fef0d0013,ACC-ADB-1241,CID-242,Receivable,Active,2018-01-10,,0.0,USD,Customer receivable account (ADB)
b0caabc6-8ba1-41d8-b158-0887c5b199b5,ACC-ADB-1242,CID-243,Receivable,Active,2018-01-10,,0.0,USD,Customer receivable account (ADB)
3c92e9ce-c31a-4235-8749-ed3101484db5,ACC-ADB-1243,CID-244,Receivable,Overdue,2018-01-10,,289.65,USD,Customer receivable account (ADB)
3fd1a1ad-d6bc-46fa-b0de-b53d4bdcae58,ACC-ADB-1244,CID-245,Receivable,Active,2018-01-10,,0.0,USD,Customer receivable account (ADB)
7083c782-93e3-417b-9c96-534f269a3af4,ACC-ADB-1245,CID-246,Receivable,Active,2018-01-10,,0.0,USD,Customer receivable account (ADB)
219aa3c1-3ab0-4fa3-a4f6-f3b398665bd7,ACC-ADB-1246,CID-247,Receivable,Overdue,2018-01-10,,624.82,USD,Customer receivable account (ADB)
716f011d-dc6c-48f9-b002-9c06ccabc0ed,ACC-ADB-1247,CID-248,Receivable,Active,2018-01-10,,0.0,USD,Customer receivable account (ADB)
3773de47-fed7-4f19-b7d6-de39d573c28f,ACC-ADB-1248,CID-249,Receivable,Active,2018-01-10,,0.0,USD,Customer receivable account (ADB)
142322f1-d62d-4670-94ff-f397b11cda9a,ACC-ADB-1249,CID-250,Receivable,Active,2018-01-10,,0.0,USD,Customer receivable account (ADB)
7c9f5b98-cdc8-4a04-b8d9-6fe44df4b23e,ACC-ADB-1250,CID-251,Receivable,Active,2018-01-10,,0.0,USD,Customer receivable account (ADB)
69ac996b-2a6c-4b72-b6a2-3e82fe44afcb,ACC-ADB-1251,CID-252,Receivable,Active,2018-01-10,,0.0,USD,Customer receivable account (ADB)
b32d1495-3791-40f8-9df5-1a36cf60c855,ACC-ADB-1252,CID-253,Receivable,Overdue,2018-01-10,,2142.63,USD,Customer receivable account (ADB)
375bf683-27d9-491b-b8cd-185c6b39ea0a,ACC-ADB-1253,CID-254,Receivable,Active,2018-01-10,,0.0,USD,Customer receivable account (ADB)
83d4d6fd-04d3-4e3d-9117-0ddef1185ba8,ACC-ADB-1254,CID-255,Receivable,Overdue,2018-01-10,,1174.08,USD,Customer receivable account (ADB)
02c7a808-7767-4c26-a2fb-6f2390b258e3,ACC-ADB-1255,CID-256,Receivable,Active,2018-01-10,,0.0,USD,Customer receivable account (ADB)
c53a499e-363f-4540-9045-d69cb9f4867c,ACC-ADB-1256,CID-257,Receivable,Active,2018-01-10,,0.0,USD,Customer receivable account (ADB)
c4b4d319-24af-4262-9a6e-83026624ecd2,ACC-ADB-1257,CID-258,Receivable,Active,2018-01-10,,0.0,USD,Customer receivable account (ADB)
32a98487-b601-4c32-b64d-53ca5855c23a,ACC-ADB-1258,CID-259,Receivable,Overdue,2018-01-10,,2229.98,USD,Customer receivable account (ADB)
27675198-5583-4a4f-8514-bc2ca6a0ff4b,ACC-ADB-1259,CID-260,Receivable,Active,2018-01-10,,0.0,USD,Customer receivable account (ADB)
92a2126a-cff3-4ebb-af30-0c2f32992799,ACC-ADB-1260,CID-261,Receivable,Overdue,2018-01-10,,428.38,USD,Customer receivable account (ADB)
52db62e4-a8fb-4f0f-a0d9-0159097d0bd1,ACC-ADB-1261,CID-262,Receivable,Overdue,2018-01-10,,163.02999999999997,USD,Customer receivable account (ADB)
3823c749-8190-43f5-9a1b-a00731801677,ACC-ADB-1262,CID-263,Receivable,Active,2018-01-10,,0.0,USD,Customer receivable account (ADB)
5aa8aa45-8a93-4214-93c8-8d0c0479feb7,ACC-ADB-1263,CID-264,Receivable,Overdue,2018-01-10,,1196.56,USD,Customer receivable account (ADB)
09ce4d68-733e-4a25-a7ec-86d0c8d56035,ACC-ADB-1264,CID-265,Receivable,Overdue,2018-01-10,,765.3499999999999,USD,Customer receivable account (ADB)
a1daf582-6a17-4b51-b7ce-b1b7e7dd651b,ACC-ADB-1265,CID-266,Receivable,Overdue,2018-01-10,,1268.6999999999998,USD,Customer receivable account (ADB)
d3cbf104-dff5-4ad4-a109-227b0b232305,ACC-ADB-1266,CID-267,Receivable,Active,2018-01-10,,0.0,USD,Customer receivable account (ADB)
ced04611-2d39-4eb4-9cd0-6be63920b15b,ACC-ADB-1267,CID-268,Receivable,Overdue,2018-01-10,,2121.31,USD,Customer receivable account (ADB)
7ed10f6c-0c15-4e9e-a2a5-289ba486fe0b,ACC-ADB-1268,CID-269,Receivable,Active,2018-01-10,,0.0,USD,Customer receivable account (ADB)
095627e1-7cf9-4983-8e56-2b31bd0d96d6,ACC-ADB-1269,CID-270,Receivable,Active,2018-01-10,,0.0,USD,Customer receivable account (ADB)
63018d8a-a24f-47d5-8790-a8163f377401,ACC-ADB-1270,CID-271,Receivable,Overdue,2018-01-10,,1070.78,USD,Customer receivable account (ADB)
425e21aa-9ac1-4d28-b309-3226b9a3a17b,ACC-ADB-1271,CID-272,Receivable,Active,2018-01-10,,0.0,USD,Customer receivable account (ADB)
4fe32a91-87fd-45e3-8302-eeac6ca0b63e,ACC-ADB-1272,CID-273,Receivable,Active,2018-01-10,,0.0,USD,Customer receivable account (ADB)
68d34225-2883-47bf-9439-27cbb9c8b527,ACC-ADB-1273,CID-274,Receivable,Active,2018-01-10,,0.0,USD,Customer receivable account (ADB)
3a13493c-4ee3-4985-948a-98786aa1d826,ACC-ADB-1274,CID-275,Receivable,Active,2018-01-10,,0.0,USD,Customer receivable account (ADB)
e463776f-8d29-4efe-9cd7-aef01fc71d50,ACC-ADB-1275,CID-276,Receivable,Active,2018-01-10,,0.0,USD,Customer receivable account (ADB)
d61c6c6b-ab6b-4902-98fe-dc33b00a97f2,ACC-ADB-1276,CID-277,Receivable,Overdue,2018-01-10,,1080.82,USD,Customer receivable account (ADB)
a79e21ed-80da-4120-ac98-d0fcf131cb53,ACC-ADB-1277,CID-278,Receivable,Active,2018-01-10,,0.0,USD,Customer receivable account (ADB)
dddfc7b5-2692-45cf-8ac4-d67f788722d9,ACC-ADB-1278,CID-279,Receivable,Overdue,2018-01-10,,4588.51,USD,Customer receivable account (ADB)
f123002f-ce60-402f-80c9-ac273abc424a,ACC-ADB-1279,CID-280,Receivable,Overdue,2018-01-10,,2239.61,USD,Customer receivable account (ADB)
2e30760b-1817-4835-859f-2027fb4bb6a8,ACC-ADB-1280,CID-281,Receivable,Overdue,2018-01-10,,2876.67,USD,Customer receivable account (ADB)
ccdeb443-62cd-49bd-86d3-5be3ff0155df,ACC-ADB-1281,CID-282,Receivable,Active,2018-01-10,,0.0,USD,Customer receivable account (ADB)
3b1f9377-e660-41ac-811d-89d0d0b607d6,ACC-ADB-1282,CID-283,Receivable,Overdue,2018-01-10,,425.0,USD,Customer receivable account (ADB)
6a866c41-f467-42f9-9c97-8aa33f043849,ACC-ADB-1283,CID-284,Receivable,Active,2018-01-10,,0.0,USD,Customer receivable account (ADB)
4326cfed-bc90-47c2-9dda-005d5d3f6956,ACC-ADB-1284,CID-285,Receivable,Active,2018-01-10,,0.0,USD,Customer receivable account (ADB)
75f167ba-b1b6-4f6c-86ce-73c01c106b04,ACC-ADB-1285,CID-286,Receivable,Overdue,2018-01-10,,1125.06,USD,Customer receivable account (ADB)
fb71ab40-5387-4269-9dc9-f1d0763b5422,ACC-ADB-1286,CID-287,Receivable,Overdue,2018-01-10,,2645.6400000000003,USD,Customer receivable account (ADB)
c530244c-e2f6-4c09-b1a4-a8f2b1b19b2d,ACC-ADB-1287,CID-288,Receivable,Active,2018-01-10,,0.0,USD,Customer receivable account (ADB)
d721cd51-6206-4a65-96df-58ab7aa32467,ACC-ADB-1288,CID-289,Receivable,Active,2018-01-10,,0.0,USD,Customer receivable account (ADB)
e9387ac5-271c-4b90-83fc-702423992c17,ACC-ADB-1289,CID-290,Receivable,Active,2018-01-10,,0.0,USD,Customer receivable account (ADB)
28cf28d2-0c12-46d9-80c1-dc339172b0da,ACC-ADB-1290,CID-291,Receivable,Active,2018-01-10,,0.0,USD,Customer receivable account (ADB)
c89f36ac-3b59-4b9a-816b-9562c3d1a151,ACC-ADB-1291,CID-292,Receivable,Active,2018-01-10,,0.0,USD,Customer receivable account (ADB)
663752d1-2f81-4e4b-88b1-2b284058afd7,ACC-ADB-1292,CID-293,Receivable,Overdue,2018-01-10,,1698.33,USD,Customer receivable account (ADB)
c2acf6bc-1dd0-4bbf-8070-16e49174f9e3,ACC-ADB-1293,CID-294,Receivable,Overdue,2018-01-10,,4015.91,USD,Customer receivable account (ADB)
9a75233c-c705-4800-ac57-3fea7b969cee,ACC-ADB-1294,CID-295,Receivable,Overdue,2018-01-10,,3001.18,USD,Customer receivable account (ADB)
8707ba91-9d2e-4d2a-82bf-7c2f5e624a82,ACC-ADB-1295,CID-296,Receivable,Overdue,2018-01-10,,2330.78,USD,Customer receivable account (ADB)
1723398a-8c27-495c-aaee-858e8c02713a,ACC-ADB-1296,CID-297,Receivable,Active,2018-01-10,,0.0,USD,Customer receivable account (ADB)
8b4470d4-a2b1-4fff-b7e5-c0b55764d67f,ACC-ADB-1297,CID-298,Receivable,Overdue,2018-01-10,,1557.84,USD,Customer receivable account (ADB)
27598aef-bc21-47aa-8e8c-3db9dffbbed0,ACC-ADB-1298,CID-299,Receivable,Overdue,2018-01-10,,1729.9,USD,Customer receivable account (ADB)
9656f6b8-97ef-4a49-9547-17104eee6ee5,ACC-ADB-1299,CID-300,Receivable,Active,2018-01-10,,0.0,USD,Customer receivable account (ADB)
68eace9a-a4f6-4d40-8d24-2c07dc413f3a,ACC-ADB-1300,CID-301,Receivable,Overdue,2018-01-10,,1798.52,USD,Customer receivable account (ADB)
1fd7d08f-4b21-441c-8161-4c7c0bd148c9,ACC-ADB-1301,CID-302,Receivable,Overdue,2018-01-10,,2822.7,USD,Customer receivable account (ADB)
e6822d7f-8da1-47c6-b984-041d76aaac2a,ACC-ADB-1302,CID-303,Receivable,Overdue,2018-01-10,,1115.25,USD,Customer receivable account (ADB)
62263f07-977c-4fbc-9cbe-11a42e10a0b7,ACC-ADB-1303,CID-304,Receivable,Overdue,2018-01-10,,165.92,USD,Customer receivable account (ADB)
54bc1507-9ebc-4f34-bcff-4edbf89708b9,ACC-ADB-1304,CID-305,Receivable,Active,2018-01-10,,0.0,USD,Customer receivable account (ADB)
e857a80a-13d0-45c4-837a-af74fd086554,ACC-ADB-1305,CID-306,Receivable,Active,2018-01-10,,0.0,USD,Customer receivable account (ADB)
19fc1ed1-d7c4-4f22-894c-e4f99e3013c8,ACC-ADB-1306,CID-307,Receivable,Active,2018-01-10,,0.0,USD,Customer receivable account (ADB)
6d0253f3-d91f-417c-bd4a-bbc7f035e2ed,ACC-ADB-1307,CID-308,Receivable,Active,2018-01-10,,0.0,USD,Customer receivable account (ADB)
1ea77f2e-5f69-44a9-8288-41db67e4b9af,ACC-ADB-1308,CID-309,Receivable,Overdue,2018-01-10,,209.65,USD,Customer receivable account (ADB)
e59bfd5f-615b-4476-b1a2-f5c518aceea3,ACC-ADB-1309,CID-310,Receivable,Active,2018-01-10,,0.0,USD,Customer receivable account (ADB)
69542677-e48a-4f44-9112-1c3860f0042c,ACC-ADB-1310,CID-311,Receivable,Overdue,2018-01-10,,951.65,USD,Customer receivable account (ADB)
f02da568-80d6-4cad-8e7a-26e98bb4ffb2,ACC-ADB-1311,CID-312,Receivable,Active,2018-01-10,,0.0,USD,Customer receivable account (ADB)
475b9acc-8ef1-4fcc-bf53-cde7d08d8581,ACC-ADB-1312,CID-313,Receivable,Active,2018-01-10,,0.0,USD,Customer receivable account (ADB)
cd50a3ca-5113-41a8-abd2-3e8d9bbd4f39,ACC-ADB-1313,CID-314,Receivable,Active,2018-01-10,,0.0,USD,Customer receivable account (ADB)
43ba0edf-94c2-4240-922d-3b50ea7c57da,ACC-ADB-1314,CID-315,Receivable,Overdue,2018-01-10,,615.04,USD,Customer receivable account (ADB)
06c98db9-eec4-4dd0-9c41-49cced4ea063,ACC-ADB-1315,CID-316,Receivable,Active,2018-01-10,,0.0,USD,Customer receivable account (ADB)
69919ddb-60a6-487b-8b7d-a13f1cf98c7e,ACC-ADB-1316,CID-317,Receivable,Active,2018-01-10,,0.0,USD,Customer receivable account (ADB)
def5aaa2-8883-4478-bee9-a0359cd4c5b3,ACC-ADB-1317,CID-318,Receivable,Active,2018-01-10,,0.0,USD,Customer receivable account (ADB)
58cab7b8-e078-42bd-bc92-744c72155db2,ACC-ADB-1318,CID-319,Receivable,Overdue,2018-01-10,,2852.61,USD,Customer receivable account (ADB)
7081731a-f9f8-4e51-919b-7d0deb9dd070,ACC-ADB-1319,CID-320,Receivable,Overdue,2018-01-10,,1842.53,USD,Customer receivable account (ADB)
39713c0d-d055-4cf8-83c7-ee3ae7b5f8f1,ACC-ADB-1320,CID-321,Receivable,Active,2018-01-10,,0.0,USD,Customer receivable account (ADB)
ef5f1171-f37f-4fa3-9c82-e6beb623abc5,ACC-ADB-1321,CID-322,Receivable,Active,2018-01-10,,0.0,USD,Customer receivable account (ADB)
cbd78746-3b43-4613-b4db-30cadd7249f6,ACC-ADB-1322,CID-323,Receivable,Active,2018-01-10,,0.0,USD,Customer receivable account (ADB)
8ff0d278-5d9b-41f3-beae-1aeae2da7050,ACC-ADB-1323,CID-324,Receivable,Overdue,2018-01-10,,2620.75,USD,Customer receivable account (ADB)
af4fc0e3-83dc-4700-9208-04a9871fc0d6,ACC-ADB-1324,CID-325,Receivable,Active,2018-01-10,,0.0,USD,Customer receivable account (ADB)
6e5c1000-66f4-4aab-a680-cc4b3d9888d5,ACC-ADB-1325,CID-326,Receivable,Overdue,2018-01-10,,1302.79,USD,Customer receivable account (ADB)
64cb5688-813b-4ccc-80df-9b12b6044117,ACC-ADB-1326,CID-327,Receivable,Overdue,2018-01-10,,2188.71,USD,Customer receivable account (ADB)
8ac5ddc1-9e66-406a-ad88-3adce66be040,ACC-ADB-1327,CID-328,Receivable,Overdue,2018-01-10,,1900.93,USD,Customer receivable account (ADB)
02d45323-6ca2-46a3-8775-09a05ed360fd,ACC-ADB-1328,CID-329,Receivable,Overdue,2018-01-10,,429.34000000000015,USD,Customer receivable account (ADB)
7e5a94e1-7a15-409f-a0d5-516fc74bdc96,ACC-ADB-1329,CID-330,Receivable,Overdue,2018-01-10,,2850.73,USD,Customer receivable account (ADB)
d9f76754-d1ef-4d53-905b-49b1d8ba1c3c,ACC-ADB-1330,CID-331,Receivable,Active,2018-01-10,,0.0,USD,Customer receivable account (ADB)
dfcbdfc6-8f1c-4453-a7c9-76f3278d8466,ACC-ADB-1331,CID-332,Receivable,Active,2018-01-10,,0.0,USD,Customer receivable account (ADB)
e9800238-ae3f-4e2f-b1ab-a8246ae98492,ACC-ADB-1332,CID-333,Receivable,Active,2018-01-10,,0.0,USD,Customer receivable account (ADB)
fee3b6ac-7900-4564-b25b-1890e869dc97,ACC-ADB-1333,CID-334,Receivable,Overdue,2018-01-10,,153.05,USD,Customer receivable account (ADB)
2ab56cda-e125-4019-9d89-3fa2dd3cf1e9,ACC-ADB-1334,CID-335,Receivable,Active,2018-01-10,,0.0,USD,Customer receivable account (ADB)
da235c2e-26ef-4358-bead-9f4b69228a38,ACC-ADB-1335,CID-336,Receivable,Overdue,2018-01-10,,1511.72,USD,Customer receivable account (ADB)
5db3f855-cb32-46ff-b024-2141918aacd3,ACC-ADB-1336,CID-337,Receivable,Overdue,2018-01-10,,844.25,USD,Customer receivable account (ADB)
14cc4397-0967-4f06-b75b-e966847245bc,ACC-ADB-1337,CID-338,Receivable,Active,2018-01-10,,0.0,USD,Customer receivable account (ADB)
34cd0c9c-9700-457c-b8e6-fe587192cedf,ACC-ADB-1338,CID-339,Receivable,Overdue,2018-01-10,,1564.7,USD,Customer receivable account (ADB)
b7755a4c-01be-4219-8951-53c0ca339153,ACC-ADB-1339,CID-340,Receivable,Active,2018-01-10,,0.0,USD,Customer receivable account (ADB)
f2212abd-e379-49c0-9de4-b668c9cc9c8b,ACC-ADB-1340,CID-341,Receivable,Overdue,2018-01-10,,405.10000000000014,USD,Customer receivable account (ADB)
33f4594b-af0e-4a6d-b1a1-e3c732786626,ACC-ADB-1341,CID-342,Receivable,Overdue,2018-01-10,,1045.17,USD,Customer receivable account (ADB)
3a8559c6-b5a3-4eaa-8436-59a1a66e29b0,ACC-ADB-1342,CID-343,Receivable,Active,2018-01-10,,0.0,USD,Customer receivable account (ADB)
79bb3e1e-0ee6-4836-b16b-f9cff1203c20,ACC-ADB-1343,CID-344,Receivable,Active,2018-01-10,,0.0,USD,Customer receivable account (ADB)
1ba625f4-5344-4226-998b-bcfdfca4d90d,ACC-ADB-1344,CID-345,Receivable,Active,2018-01-10,,0.0,USD,Customer receivable account (ADB)
e0bca25d-d3aa-44ac-99af-fbe154417db8,ACC-ADB-1345,CID-346,Receivable,Active,2018-01-10,,0.0,USD,Customer receivable account (ADB)
5cb072e5-39cd-43a9-b9df-98eff8266d16,ACC-ADB-1346,CID-347,Receivable,Active,2018-01-10,,0.0,USD,Customer receivable account (ADB)
164ea04f-7eda-42b4-bd3d-f6d784212721,ACC-ADB-1347,CID-348,Receivable,Active,2018-01-10,,0.0,USD,Customer receivable account (ADB)
f50ccb7b-07e2-4fba-aeef-ab6497c53a1d,ACC-ADB-1348,CID-349,Receivable,Active,2018-01-10,,0.0,USD,Customer receivable account (ADB)
4af960cf-59f9-4a1a-926b-db57cfecc1b7,ACC-ADB-1349,CID-350,Receivable,Active,2018-01-10,,0.0,USD,Customer receivable account (ADB)
532828e6-02a4-4921-ae8c-b4635e0d4c57,ACC-ADB-1350,CID-351,Receivable,Active,2018-01-10,,0.0,USD,Customer receivable account (ADB)
02f827d0-b357-4aa1-8bee-3d0b068f086b,ACC-ADB-1351,CID-352,Receivable,Active,2018-01-10,,0.0,USD,Customer receivable account (ADB)
de0169c0-5c33-406f-983d-86773a23ef31,ACC-ADB-1352,CID-353,Receivable,Active,2018-01-10,,0.0,USD,Customer receivable account (ADB)
68853813-2018-4888-ad57-e1645b5bcb75,ACC-ADB-1353,CID-354,Receivable,Active,2018-01-10,,0.0,USD,Customer receivable account (ADB)
e70a6098-7948-458a-b479-f36b17e21970,ACC-ADB-1354,CID-355,Receivable,Active,2018-01-10,,0.0,USD,Customer receivable account (ADB)
4528c4dd-aa43-45ef-84cb-ce24ef539d13,ACC-ADB-1355,CID-356,Receivable,Overdue,2018-01-10,,4312.45,USD,Customer receivable account (ADB)
8b79b5ef-5f3a-4486-95f0-9a35b2acb0b3,ACC-ADB-1356,CID-357,Receivable,Active,2018-01-10,,0.0,USD,Customer receivable account (ADB)
facab166-66ed-458f-b506-15bb36272768,ACC-ADB-1357,CID-358,Receivable,Active,2018-01-10,,0.0,USD,Customer receivable account (ADB)
f3ae80f9-821e-46ee-bd0b-b6060ed87374,ACC-ADB-1358,CID-359,Receivable,Active,2018-01-10,,0.0,USD,Customer receivable account (ADB)
df7d09e2-33ad-40d0-a371-c67c7f44275b,ACC-ADB-1359,CID-360,Receivable,Overdue,2018-01-10,,2039.41,USD,Customer receivable account (ADB)
5dc66046-f84a-4571-ad65-25b32d1fdd49,ACC-ADB-1360,CID-361,Receivable,Active,2018-01-10,,0.0,USD,Customer receivable account (ADB)
0ac86d08-7f6d-4534-b9b1-3e115ad218c0,ACC-ADB-1361,CID-362,Receivable,Active,2018-01-10,,0.0,USD,Customer receivable account (ADB)
f9854d4e-b452-41d5-856d-ac3c6976cf6e,ACC-ADB-1362,CID-363,Receivable,Overdue,2018-01-10,,2249.52,USD,Customer receivable account (ADB)
534c319c-d7bc-4c91-9386-8df0b2a444a1,ACC-ADB-1363,CID-364,Receivable,Active,2018-01-10,,0.0,USD,Customer receivable account (ADB)
4bcfaa68-6f5b-456d-9077-5256389f0b40,ACC-ADB-1364,CID-365,Receivable,Active,2018-01-10,,0.0,USD,Customer receivable account (ADB)
666e2ba6-c732-4906-9e1c-b3e047fb65cc,ACC-ADB-1365,CID-366,Receivable,Overdue,2018-01-10,,1457.97,USD,Customer receivable account (ADB)
9afb54a9-55f9-452e-9d18-2805d92834cf,ACC-ADB-1366,CID-367,Receivable,Active,2018-01-10,,0.0,USD,Customer receivable account (ADB)
b67de867-35f6-425c-93fc-c53beb2a342e,ACC-ADB-1367,CID-368,Receivable,Active,2018-01-10,,0.0,USD,Customer receivable account (ADB)
6dc0c9b8-9548-4d82-8ec7-eeb3089631fa,ACC-ADB-1368,CID-369,Receivable,Active,2018-01-10,,0.0,USD,Customer receivable account (ADB)
08d034dd-869d-4134-810d-f61f5e464fb0,ACC-ADB-1369,CID-370,Receivable,Active,2018-01-10,,0.0,USD,Customer receivable account (ADB)
1b30e8da-8aab-4afb-a15f-18f0b2f0e8e4,ACC-ADB-1370,CID-371,Receivable,Active,2018-01-10,,0.0,USD,Customer receivable account (ADB)
55c57bff-06d3-4c24-a1b9-6f0607c3c76f,ACC-ADB-1371,CID-372,Receivable,Active,2018-01-10,,0.0,USD,Customer receivable account (ADB)
cd902ebe-0e25-489d-bbaf-10ca28c642ab,ACC-ADB-1372,CID-373,Receivable,Active,2018-01-10,,0.0,USD,Customer receivable account (ADB)
be689fe1-6f4b-4ea5-ba47-3cbba5a5fd8c,ACC-ADB-1373,CID-374,Receivable,Overdue,2018-01-10,,1565.07,USD,Customer receivable account (ADB)
ec3b5b4f-76e0-4b2f-ab01-4694d483cf0c,ACC-ADB-1374,CID-375,Receivable,Overdue,2018-01-10,,1477.96,USD,Customer receivable account (ADB)
2ff2aa94-13cd-4edd-8775-19177f06b78b,ACC-ADB-1375,CID-376,Receivable,Active,2018-01-10,,0.0,USD,Customer receivable account (ADB)
e6376a40-11c9-4522-99c9-a34240ea1330,ACC-ADB-1376,CID-377,Receivable,Overdue,2018-01-10,,585.31,USD,Customer receivable account (ADB)
9a7cae69-7f32-4973-8256-0018b6735dcf,ACC-ADB-1377,CID-378,Receivable,Overdue,2018-01-10,,184.98000000000002,USD,Customer receivable account (ADB)
d2a558bc-45bb-459c-abf4-5440a54faac5,ACC-ADB-1378,CID-379,Receivable,Overdue,2018-01-10,,6837.97,USD,Customer receivable account (ADB)
076067c3-11b7-4fd1-8961-6f3e09e1771e,ACC-ADB-1379,CID-380,Receivable,Active,2018-01-10,,0.0,USD,Customer receivable account (ADB)
8c48c5d8-2f3c-4779-9b22-a6e8610b6320,ACC-ADB-1380,CID-381,Receivable,Active,2018-01-10,,0.0,USD,Customer receivable account (ADB)
05330dec-1ee4-4bd9-abd5-5b831e4dabd7,ACC-ADB-1381,CID-382,Receivable,Active,2018-01-10,,0.0,USD,Customer receivable account (ADB)
76540ce5-0cad-45f1-9458-ca212f949929,ACC-ADB-1382,CID-383,Receivable,Active,2018-01-10,,0.0,USD,Customer receivable account (ADB)
4c3169bd-51a8-40f8-9856-ec8da75c0123,ACC-ADB-1383,CID-384,Receivable,Active,2018-01-10,,0.0,USD,Customer receivable account (ADB)
8903d356-fa0e-4644-a304-77b3b9dafb92,ACC-ADB-1384,CID-385,Receivable,Overdue,2018-01-10,,1304.91,USD,Customer receivable account (ADB)
fcd119c3-8843-42d2-87b9-7a3d91eab27c,ACC-ADB-1385,CID-386,Receivable,Overdue,2018-01-10,,522.78,USD,Customer receivable account (ADB)
6030f5c4-56f5-4f2e-bae6-984908872134,ACC-ADB-1386,CID-387,Receivable,Active,2018-01-10,,0.0,USD,Customer receivable account (ADB)
a99a45b5-799b-4720-a7b9-4a2ede891b61,ACC-ADB-1387,CID-388,Receivable,Active,2018-01-10,,0.0,USD,Customer receivable account (ADB)
f84ada6d-575e-4993-9eac-55778e0d89ec,ACC-ADB-1388,CID-389,Receivable,Active,2018-01-10,,0.0,USD,Customer receivable account (ADB)
c1f4b9b8-d4ee-472f-9cf8-be38ec5861da,ACC-ADB-1389,CID-390,Receivable,Overdue,2018-01-10,,1478.07,USD,Customer receivable account (ADB)
ca7466ae-205c-4023-ab68-b15a38b0f292,ACC-ADB-1390,CID-391,Receivable,Overdue,2018-01-10,,678.37,USD,Customer receivable account (ADB)
e802c34e-468e-42c2-8324-031a575343cb,ACC-ADB-1391,CID-392,Receivable,Active,2018-01-10,,0.0,USD,Customer receivable account (ADB)
f2883462-a1f4-4cf1-8b99-49851dde89ee,ACC-ADB-1392,CID-393,Receivable,Active,2018-01-10,,0.0,USD,Customer receivable account (ADB)
76d22059-f61e-4d85-a25f-44dc2e18826f,ACC-ADB-1393,CID-394,Receivable,Overdue,2018-01-10,,2801.8199999999997,USD,Customer receivable account (ADB)
692ee960-0e19-4ad0-90f5-9acdb6a44b1f,ACC-ADB-1394,CID-395,Receivable,Active,2018-01-10,,0.0,USD,Customer receivable account (ADB)
7c8bfc04-4837-4d15-ae47-06463a51f10f,ACC-ADB-1395,CID-396,Receivable,Overdue,2018-01-10,,2031.48,USD,Customer receivable account (ADB)
d77d76dc-067e-4404-8e9a-ce2bb382d4b9,ACC-ADB-1396,CID-397,Receivable,Overdue,2018-01-10,,543.31,USD,Customer receivable account (ADB)
ead4d0a3-66e6-4f2f-867e-30deb1189bb0,ACC-ADB-1397,CID-398,Receivable,Overdue,2018-01-10,,1689.06,USD,Customer receivable account (ADB)
12d37167-d1d2-4f2f-b99e-c22ce2d3f33f,ACC-ADB-1398,CID-399,Receivable,Active,2018-01-10,,0.0,USD,Customer receivable account (ADB)
304ee110-db0a-4a30-8aaf-9b6cfe41294c,ACC-ADB-1399,CID-400,Receivable,Overdue,2018-01-10,,3375.9100000000003,USD,Customer receivable account (ADB)
8ea666f3-4282-4bdd-a644-b36dd9fd01cf,ACC-ADB-1400,CID-401,Receivable,Active,2018-01-10,,0.0,USD,Customer receivable account (ADB)
26d1b207-5c8a-49c4-805f-05371c9e680c,ACC-ADB-1401,CID-402,Receivable,Active,2018-01-10,,0.0,USD,Customer receivable account (ADB)
fcadcfd8-eeea-4ff8-8835-2de56295f3cf,ACC-ADB-1402,CID-403,Receivable,Active,2018-01-10,,0.0,USD,Customer receivable account (ADB)
8669afcc-b408-4e09-a8ea-38782f745570,ACC-ADB-1403,CID-404,Receivable,Active,2018-01-10,,0.0,USD,Customer receivable account (ADB)
18417650-0160-47af-bbf6-4d15dbaadb2c,ACC-ADB-1404,CID-405,Receivable,Active,2018-01-10,,0.0,USD,Customer receivable account (ADB)
770223f3-f252-43d9-b847-3e6083c11e23,ACC-ADB-1405,CID-406,Receivable,Active,2018-01-10,,0.0,USD,Customer receivable account (ADB)
e68bcd58-bc40-42b7-80c8-715d458a4c49,ACC-ADB-1406,CID-407,Receivable,Overdue,2018-01-10,,384.76,USD,Customer receivable account (ADB)
bcea07ba-85d9-44eb-a739-3f6843795a88,ACC-ADB-1407,CID-408,Receivable,Overdue,2018-01-10,,438.13,USD,Customer receivable account (ADB)
cf37cfa4-4828-4566-984e-126d1b52d6b6,ACC-ADB-1408,CID-409,Receivable,Active,2018-01-10,,0.0,USD,Customer receivable account (ADB)
d51026f2-b4d2-4f98-81be-3c5837c2974c,ACC-ADB-1409,CID-410,Receivable,Overdue,2018-01-10,,704.23,USD,Customer receivable account (ADB)
70d01efc-a685-41cd-ae36-01582ed85d5b,ACC-ADB-1410,CID-411,Receivable,Overdue,2018-01-10,,1111.39,USD,Customer receivable account (ADB)
b89e8f1a-5a50-4a7f-a9a3-bc0a60f2f906,ACC-ADB-1411,CID-412,Receivable,Active,2018-01-10,,0.0,USD,Customer receivable account (ADB)
6e4a30c9-7002-45b8-9a07-a71770e75d08,ACC-ADB-1412,CID-413,Receivable,Active,2018-01-10,,0.0,USD,Customer receivable account (ADB)
45741e1b-22f0-4375-b1f3-f8227350d2e9,ACC-ADB-1413,CID-414,Receivable,Active,2018-01-10,,0.0,USD,Customer receivable account (ADB)
fbf5d0a0-cf55-457a-84f1-9584a25a7788,ACC-ADB-1414,CID-415,Receivable,Overdue,2018-01-10,,1361.8,USD,Customer receivable account (ADB)
a4fb20e7-a366-47a9-9f57-a6ebb7bbc971,ACC-ADB-1415,CID-416,Receivable,Active,2018-01-10,,0.0,USD,Customer receivable account (ADB)
3fcc0938-6a6f-4514-8f82-0d61a977405e,ACC-ADB-1416,CID-417,Receivable,Active,2018-01-10,,0.0,USD,Customer receivable account (ADB)
386f39f2-ad97-420f-8c31-24b2bd78052a,ACC-ADB-1417,CID-418,Receivable,Active,2018-01-10,,0.0,USD,Customer receivable account (ADB)
7dee8e4a-f2ac-4a4a-b7f2-f0a11cd108a8,ACC-ADB-1418,CID-419,Receivable,Active,2018-01-10,,0.0,USD,Customer receivable account (ADB)
f968cf58-7956-4693-b22b-c4b22985b53e,ACC-ADB-1419,CID-420,Receivable,Overdue,2018-01-10,,535.99,USD,Customer receivable account (ADB)
8a4a1651-817d-4a5d-b39d-926c49f3d814,ACC-ADB-1420,CID-421,Receivable,Active,2018-01-10,,0.0,USD,Customer receivable account (ADB)
a3143d0e-71a2-46df-b04c-b3eb68b8b393,ACC-ADB-1421,CID-422,Receivable,Active,2018-01-10,,0.0,USD,Customer receivable account (ADB)
98bd6d6d-a4c2-4e3a-a22a-6e2256197544,ACC-ADB-1422,CID-423,Receivable,Active,2018-01-10,,0.0,USD,Customer receivable account (ADB)
002e2644-6d23-4955-9b59-7d8f8ca5e0bc,ACC-ADB-1423,CID-424,Receivable,Overdue,2018-01-10,,1555.06,USD,Customer receivable account (ADB)
8a1c3129-0ead-46a5-aff1-c881428eea03,ACC-ADB-1424,CID-425,Receivable,Overdue,2018-01-10,,482.1299999999999,USD,Customer receivable account (ADB)
447a61d1-940a-4603-9d64-43b462ee8d35,ACC-ADB-1425,CID-426,Receivable,Overdue,2018-01-10,,740.48,USD,Customer receivable account (ADB)
55fccf09-8d71-401c-9947-5f36519c320b,ACC-ADB-1426,CID-427,Receivable,Overdue,2018-01-10,,1956.35,USD,Customer receivable account (ADB)
a081dd28-32b6-4b0d-a21a-5f1ca3fed849,ACC-ADB-1427,CID-428,Receivable,Active,2018-01-10,,0.0,USD,Customer receivable account (ADB)
7dfdf8ec-c8a9-49fe-95a3-11eb65f52442,ACC-ADB-1428,CID-429,Receivable,Overdue,2018-01-10,,4316.12,USD,Customer receivable account (ADB)
803232d9-213c-4d36-ad94-d3d7b6998b59,ACC-ADB-1429,CID-430,Receivable,Active,2018-01-10,,0.0,USD,Customer receivable account (ADB)
f0270228-af4b-4585-8036-1020be52a52b,ACC-ADB-1430,CID-431,Receivable,Overdue,2018-01-10,,3798.7799999999997,USD,Customer receivable account (ADB)
e7ee202d-1ca6-4730-bbd3-3d2c098f7517,ACC-ADB-1431,CID-432,Receivable,Active,2018-01-10,,0.0,USD,Customer receivable account (ADB)
942d2d63-cb8b-40dd-815c-7be178d0f77a,ACC-ADB-1432,CID-433,Receivable,Active,2018-01-10,,0.0,USD,Customer receivable account (ADB)
7f6d4580-590b-4e66-ab3b-7371ede066f0,ACC-ADB-1433,CID-434,Receivable,Overdue,2018-01-10,,651.51,USD,Customer receivable account (ADB)
1d986180-2f6e-42ba-ba6c-0f13a8c46b78,ACC-ADB-1434,CID-435,Receivable,Overdue,2018-01-10,,4144.43,USD,Customer receivable account (ADB)
0d52a850-4ba4-4df8-8c3a-cf8213b0364b,ACC-ADB-1435,CID-436,Receivable,Overdue,2018-01-10,,1930.8700000000001,USD,Customer receivable account (ADB)
a43b0b65-c4ee-4d60-910c-b9b58e67c555,ACC-ADB-1436,CID-437,Receivable,Active,2018-01-10,,0.0,USD,Customer receivable account (ADB)
a82cf7c3-f7bb-4aa8-aa1e-e0b7e9968565,ACC-ADB-1437,CID-438,Receivable,Overdue,2018-01-10,,3155.7599999999998,USD,Customer receivable account (ADB)
9da6c439-fc4c-4875-981d-53e113dd3cff,ACC-ADB-1438,CID-439,Receivable,Active,2018-01-10,,0.0,USD,Customer receivable account (ADB)
c5f2d010-6965-4cfd-b9b4-58f0afd6934e,ACC-ADB-1439,CID-440,Receivable,Overdue,2018-01-10,,2296.13,USD,Customer receivable account (ADB)
9e71281d-331d-479a-a387-4508dbbddbc0,ACC-ADB-1440,CID-441,Receivable,Overdue,2018-01-10,,1585.15,USD,Customer receivable account (ADB)
0fec4689-b623-4946-a74c-30bbcc2b70fa,ACC-ADB-1441,CID-442,Receivable,Active,2018-01-10,,0.0,USD,Customer receivable account (ADB)
ba79870f-c824-4b62-965c-c46cb3bef385,ACC-ADB-1442,CID-443,Receivable,Active,2018-01-10,,0.0,USD,Customer receivable account (ADB)
d24a6887-377d-4dac-b648-99a0dad9b266,ACC-ADB-1443,CID-444,Receivable,Overdue,2018-01-10,,989.64,USD,Customer receivable account (ADB)
e8275fdb-a048-4b0b-a32a-2372a2effb87,ACC-ADB-1444,CID-445,Receivable,Active,2018-01-10,,0.0,USD,Customer receivable account (ADB)
a1a3ae0b-f996-41a8-a5c1-9f4c8e2464eb,ACC-ADB-1445,CID-446,Receivable,Overdue,2018-01-10,,2772.32,USD,Customer receivable account (ADB)
fbb0ca06-d429-4134-9f02-660ae0dd8a9d,ACC-ADB-1446,CID-447,Receivable,Active,2018-01-10,,0.0,USD,Customer receivable account (ADB)
7d1f74e3-b816-43d1-9e9c-3b9862b4c03a,ACC-ADB-1447,CID-448,Receivable,Active,2018-01-10,,0.0,USD,Customer receivable account (ADB)
0c589115-0e76-449d-8066-d106bbd25065,ACC-ADB-1448,CID-449,Receivable,Overdue,2018-01-10,,1814.28,USD,Customer receivable account (ADB)
afadaafa-27ae-49a1-b612-353960bb5f4b,ACC-ADB-1449,CID-450,Receivable,Overdue,2018-01-10,,1530.49,USD,Customer receivable account (ADB)
b08a60e6-5bdd-433d-9748-f309d79c2b7e,ACC-ADB-1450,CID-451,Receivable,Active,2018-01-10,,0.0,USD,Customer receivable account (ADB)
4dda480b-1160-4c60-8c49-6269118d8e49,ACC-ADB-1451,CID-452,Receivable,Active,2018-01-10,,0.0,USD,Customer receivable account (ADB)
b89e59c3-f61a-48c7-8d5c-adbb2cc118d2,ACC-ADB-1452,CID-453,Receivable,Active,2018-01-10,,0.0,USD,Customer receivable account (ADB)
0ab4a996-1c54-458d-9034-599a8389f9df,ACC-ADB-1453,CID-454,Receivable,Active,2018-01-10,,0.0,USD,Customer receivable account (ADB)
58b86c5a-6dac-4027-9bab-43d8b929e103,ACC-ADB-1454,CID-455,Receivable,Active,2018-01-10,,0.0,USD,Customer receivable account (ADB)
5020a91d-e787-471c-9939-bee0e110c584,ACC-ADB-1455,CID-456,Receivable,Overdue,2018-01-10,,533.75,USD,Customer receivable account (ADB)
ddec2e11-7045-4d60-9558-181a85534387,ACC-ADB-1456,CID-457,Receivable,Active,2018-01-10,,0.0,USD,Customer receivable account (ADB)
89aba0d6-57a2-43ab-8c29-5102691f9ce8,ACC-ADB-1457,CID-458,Receivable,Overdue,2018-01-10,,745.67,USD,Customer receivable account (ADB)
4a32b22b-5dce-42b7-818c-d12c84d314aa,ACC-ADB-1458,CID-459,Receivable,Overdue,2018-01-10,,411.54999999999995,USD,Customer receivable account (ADB)
6363e525-b911-4f2f-a123-9fd8a3668a12,ACC-ADB-1459,CID-460,Receivable,Active,2018-01-10,,0.0,USD,Customer receivable account (ADB)
0571d92d-5986-49d8-9eb7-3c93aae675a1,ACC-ADB-1460,CID-461,Receivable,Overdue,2018-01-10,,1272.97,USD,Customer receivable account (ADB)
c12fb8d7-459c-481c-a915-1e44b439ad15,ACC-ADB-1461,CID-462,Receivable,Active,2018-01-10,,0.0,USD,Customer receivable account (ADB)
ea0337cb-ee40-491c-acdf-85343d55ecf6,ACC-ADB-1462,CID-463,Receivable,Overdue,2018-01-10,,1477.85,USD,Customer receivable account (ADB)
b6822861-c07b-47d7-a1b0-6776f13e0cf3,ACC-ADB-1463,CID-464,Receivable,Active,2018-01-10,,0.0,USD,Customer receivable account (ADB)
69a5cf3d-3932-4351-b42a-882f29a95869,ACC-ADB-1464,CID-465,Receivable,Overdue,2018-01-10,,1037.98,USD,Customer receivable account (ADB)
af8f4869-5d73-4fd6-8879-d2e63499dd73,ACC-ADB-1465,CID-466,Receivable,Active,2018-01-10,,0.0,USD,Customer receivable account (ADB)
c90a7112-fe63-428a-8293-a451b207b855,ACC-ADB-1466,CID-467,Receivable,Active,2018-01-10,,0.0,USD,Customer receivable account (ADB)
1abeee94-4226-47ca-9cbd-0ccbd3a099a8,ACC-ADB-1467,CID-468,Receivable,Active,2018-01-10,,0.0,USD,Customer receivable account (ADB)
c0c81815-8a12-4916-a98f-0366eb0bdc54,ACC-ADB-1468,CID-469,Receivable,Active,2018-01-10,,0.0,USD,Customer receivable account (ADB)
05db6dfd-279c-4c66-990f-945dcb7d634d,ACC-ADB-1469,CID-470,Receivable,Active,2018-01-10,,0.0,USD,Customer receivable account (ADB)
32954a80-59ed-44e9-a1df-4a05718afaaa,ACC-ADB-1470,CID-471,Receivable,Active,2018-01-10,,0.0,USD,Customer receivable account (ADB)
04f6fe3a-1fd7-4f71-9ee3-74b6304b5e60,ACC-ADB-1471,CID-472,Receivable,Overdue,2018-01-10,,1680.29,USD,Customer receivable account (ADB)
6739ffb7-3290-43dc-8c20-a2a9222bed7b,ACC-ADB-1472,CID-473,Receivable,Active,2018-01-10,,0.0,USD,Customer receivable account (ADB)
29327612-9297-4215-b3da-fcee799bf3d9,ACC-ADB-1473,CID-474,Receivable,Overdue,2018-01-10,,7958.95,USD,Customer receivable account (ADB)
82189da6-6807-42f5-a87b-6da838437351,ACC-ADB-1474,CID-475,Receivable,Active,2018-01-10,,0.0,USD,Customer receivable account (ADB)
d4f9f4a9-4517-46a7-8ecf-5fa3c2f49999,ACC-ADB-1475,CID-476,Receivable,Active,2018-01-10,,0.0,USD,Customer receivable account (ADB)
8218879d-8092-43af-bf43-e4951b88f8ec,ACC-ADB-1476,CID-477,Receivable,Overdue,2018-01-10,,1043.7,USD,Customer receivable account (ADB)
59aa7b72-af8a-4b50-a90d-97fc53ed3f72,ACC-ADB-1477,CID-478,Receivable,Active,2018-01-10,,0.0,USD,Customer receivable account (ADB)
13a8ac64-053a-49c4-b9e9-57287fb0b17e,ACC-ADB-1478,CID-479,Receivable,Active,2018-01-10,,0.0,USD,Customer receivable account (ADB)
dbb9965b-a38d-4366-8533-c4c2e13f4252,ACC-ADB-1479,CID-480,Receivable,Active,2018-01-10,,0.0,USD,Customer receivable account (ADB)
d8a95038-4cda-437d-82b1-e12b635b4fa7,ACC-ADB-1480,CID-481,Receivable,Active,2018-01-10,,0.0,USD,Customer receivable account (ADB)
fcaee188-a75b-4b05-8494-e1fba9a13958,ACC-ADB-1481,CID-482,Receivable,Overdue,2018-01-10,,645.08,USD,Customer receivable account (ADB)
1a010f56-e958-4c3e-9a8d-c0ca42f070e7,ACC-ADB-1482,CID-483,Receivable,Active,2018-01-10,,0.0,USD,Customer receivable account (ADB)
e5bca94b-19f7-41b2-853a-374325f6570b,ACC-ADB-1483,CID-484,Receivable,Overdue,2018-01-10,,1296.39,USD,Customer receivable account (ADB)
9785a493-a82e-449d-8843-2279c1266007,ACC-ADB-1484,CID-485,Receivable,Active,2018-01-10,,0.0,USD,Customer receivable account (ADB)
4be33183-5332-4388-bd52-86cb78fb429b,ACC-ADB-1485,CID-486,Receivable,Active,2018-01-10,,0.0,USD,Customer receivable account (ADB)
d8f30fb0-16ae-4899-8f8d-284cf2cd6921,ACC-ADB-1486,CID-487,Receivable,Active,2018-01-10,,0.0,USD,Customer receivable account (ADB)
276c3a3e-6ba8-4966-b433-9859fd01f341,ACC-ADB-1487,CID-488,Receivable,Active,2018-01-10,,0.0,USD,Customer receivable account (ADB)
2e2634a5-48c1-4f70-bea9-e11f4925e1e7,ACC-ADB-1488,CID-489,Receivable,Active,2018-01-10,,0.0,USD,Customer receivable account (ADB)
f09d8795-1a52-437a-96d1-1351da338bcf,ACC-ADB-1489,CID-490,Receivable,Overdue,2018-01-10,,360.80999999999995,USD,Customer receivable account (ADB)
fb8f891e-5b36-457b-af3a-51b2fd4496e5,ACC-ADB-1490,CID-491,Receivable,Active,2018-01-10,,0.0,USD,Customer receivable account (ADB)
85c92d21-167e-4455-9b77-2ec8ec878d8d,ACC-ADB-1491,CID-492,Receivable,Overdue,2018-01-10,,3397.5,USD,Customer receivable account (ADB)
da47984a-5e9a-43c5-ae68-56c54d9196da,ACC-ADB-1492,CID-493,Receivable,Active,2018-01-10,,0.0,USD,Customer receivable account (ADB)
34638aaf-be83-4740-a227-7f3a7764197c,ACC-ADB-1493,CID-494,Receivable,Overdue,2018-01-10,,557.7,USD,Customer receivable account (ADB)
482a06ac-7f0d-482c-9f76-c38fcce9149f,ACC-ADB-1494,CID-495,Receivable,Active,2018-01-10,,0.0,USD,Customer receivable account (ADB)
4df02efa-d826-40c9-abd3-72828d3e9cdc,ACC-ADB-1495,CID-496,Receivable,Active,2018-01-10,,0.0,USD,Customer receivable account (ADB)
38ff7c09-4b00-422c-9ba7-0594b0c6871a,ACC-ADB-1496,CID-497,Receivable,Overdue,2018-01-10,,1957.26,USD,Customer receivable account (ADB)
c515683d-c03f-4c70-9dde-db8823caa38c,ACC-ADB-1497,CID-498,Receivable,Active,2018-01-10,,0.0,USD,Customer receivable account (ADB)
410ade03-19d9-4ac8-abed-bc31b42b1dd9,ACC-ADB-1498,CID-499,Receivable,Active,2018-01-10,,0.0,USD,Customer receivable account (ADB)
7721ab12-0e4a-4c42-9f80-e88256594d60,ACC-ADB-1499,CID-500,Receivable,Overdue,2018-01-10,,1305.87,USD,Customer receivable account (ADB)
2823135e-9b25-4a95-ab06-0e5784fb9f5c,ACC-ADB-1500,CID-501,Receivable,Active,2018-01-10,,0.0,USD,Customer receivable account (ADB)
a8c64f40-ca66-442e-b81e-9910e7cc9ce2,ACC-ADB-1501,CID-502,Receivable,Overdue,2018-01-10,,206.26,USD,Customer receivable account (ADB)
09e192c1-6ca9-49cb-ad5c-069c90575464,ACC-ADB-1502,CID-503,Receivable,Overdue,2018-01-10,,1622.56,USD,Customer receivable account (ADB)
744e674d-563b-40f3-955d-b020fd09ecbc,ACC-ADB-1503,CID-504,Receivable,Overdue,2018-01-10,,2670.03,USD,Customer receivable account (ADB)
462f587c-bd33-462e-925d-70c90b4751f9,ACC-ADB-1504,CID-505,Receivable,Overdue,2018-01-10,,2792.58,USD,Customer receivable account (ADB)
7ace4e19-fe9f-434b-9c1d-1ab1ecfa6da6,ACC-ADB-1505,CID-506,Receivable,Overdue,2018-01-10,,735.54,USD,Customer receivable account (ADB)
29e282b6-6d5f-4b06-b5af-2f7aaecf43e6,ACC-ADB-1506,CID-507,Receivable,Overdue,2018-01-10,,1592.34,USD,Customer receivable account (ADB)
63d4607e-594b-4ab7-b37f-6a9af902ef4c,ACC-ADB-1507,CID-508,Receivable,Active,2018-01-10,,0.0,USD,Customer receivable account (ADB)
a743ba73-4479-40af-b2de-772b656c1f4c,ACC-ADB-1508,CID-509,Receivable,Active,2018-01-10,,0.0,USD,Customer receivable account (ADB)
d6a11108-7e3d-4b2d-9bb7-3dc15cd89a15,ACC-ADB-1509,CID-510,Receivable,Overdue,2018-01-10,,2829.8999999999996,USD,Customer receivable account (ADB)
0ffa058e-79f8-49b7-9504-ba7e95f7a097,ACC-ADB-1510,CID-511,Receivable,Overdue,2018-01-10,,6723.98,USD,Customer receivable account (ADB)
c66d02d5-7b4c-47bd-b553-7c7f692d676e,ACC-ADB-1511,CID-512,Receivable,Overdue,2018-01-10,,2331.2700000000004,USD,Customer receivable account (ADB)
e422160c-304e-45ba-8ba7-1d8630e862de,ACC-ADB-1512,CID-513,Receivable,Active,2018-01-10,,0.0,USD,Customer receivable account (ADB)
