CustomerAccountId,ParentAccountId,CustomerAccountName,CustomerId,IsoCurrencyCode
CA-0001,PA-REN-01,Evergreen Utility Cooperative 01 Settlement Account,CID-001,USD
CA-0002,PA-REN-01,Sunrise Clean Energy Buyer 02 Settlement Account,CID-002,USD
CA-0003,PA-REN-01,Northstar Municipal Power 03 Settlement Account,CID-003,USD
CA-0004,PA-REN-01,Blue Ridge Campus Energy 04 Settlement Account,CID-004,USD
CA-0005,PA-REN-01,Prairie Community Solar 05 Settlement Account,CID-005,USD
CA-0006,PA-REN-02,Harbor Manufacturing PPA 06 Settlement Account,CID-006,USD
CA-0007,PA-REN-02,Summit Water District 07 Settlement Account,CID-007,USD
CA-0008,PA-REN-02,Canyon Transit Authority 08 Settlement Account,CID-008,USD
CA-0009,PA-REN-02,Riverbend Data Center Energy 09 Settlement Account,CID-009,USD
CA-0010,PA-REN-02,Mesa Retail Aggregator 10 Settlement Account,CID-010,USD
CA-0011,PA-REN-03,Evergreen Utility Cooperative 11 Settlement Account,CID-011,USD
CA-0012,PA-REN-03,Sunrise Clean Energy Buyer 12 Settlement Account,CID-012,USD
CA-0013,PA-REN-03,Northstar Municipal Power 13 Settlement Account,CID-013,USD
CA-0014,PA-REN-03,Blue Ridge Campus Energy 14 Settlement Account,CID-014,USD
CA-0015,PA-REN-03,Prairie Community Solar 15 Settlement Account,CID-015,USD
CA-0016,PA-REN-04,Harbor Manufacturing PPA 16 Settlement Account,CID-016,USD
CA-0017,PA-REN-04,Summit Water District 17 Settlement Account,CID-017,USD
CA-0018,PA-REN-04,Canyon Transit Authority 18 Settlement Account,CID-018,USD
CA-0019,PA-REN-04,Riverbend Data Center Energy 19 Settlement Account,CID-019,USD
CA-0020,PA-REN-04,Mesa Retail Aggregator 20 Settlement Account,CID-020,USD
CA-0021,PA-REN-05,Evergreen Utility Cooperative 21 Settlement Account,CID-021,USD
CA-0022,PA-REN-05,Sunrise Clean Energy Buyer 22 Settlement Account,CID-022,USD
CA-0023,PA-REN-05,Northstar Municipal Power 23 Settlement Account,CID-023,USD
CA-0024,PA-REN-05,Blue Ridge Campus Energy 24 Settlement Account,CID-024,USD
CA-0025,PA-REN-05,Prairie Community Solar 25 Settlement Account,CID-025,USD
CA-0026,PA-REN-06,Harbor Manufacturing PPA 26 Settlement Account,CID-026,USD
CA-0027,PA-REN-06,Summit Water District 27 Settlement Account,CID-027,USD
CA-0028,PA-REN-06,Canyon Transit Authority 28 Settlement Account,CID-028,USD
CA-0029,PA-REN-06,Riverbend Data Center Energy 29 Settlement Account,CID-029,USD
CA-0030,PA-REN-06,Mesa Retail Aggregator 30 Settlement Account,CID-030,USD
CA-0031,PA-REN-07,Evergreen Utility Cooperative 31 Settlement Account,CID-031,USD
CA-0032,PA-REN-07,Sunrise Clean Energy Buyer 32 Settlement Account,CID-032,USD
CA-0033,PA-REN-07,Northstar Municipal Power 33 Settlement Account,CID-033,USD
CA-0034,PA-REN-07,Blue Ridge Campus Energy 34 Settlement Account,CID-034,USD
CA-0035,PA-REN-07,Prairie Community Solar 35 Settlement Account,CID-035,USD
CA-0036,PA-REN-08,Harbor Manufacturing PPA 36 Settlement Account,CID-036,USD
CA-0037,PA-REN-08,Summit Water District 37 Settlement Account,CID-037,USD
CA-0038,PA-REN-08,Canyon Transit Authority 38 Settlement Account,CID-038,USD
CA-0039,PA-REN-08,Riverbend Data Center Energy 39 Settlement Account,CID-039,USD
CA-0040,PA-REN-08,Mesa Retail Aggregator 40 Settlement Account,CID-040,USD
CA-0041,PA-REN-09,Evergreen Utility Cooperative 41 Settlement Account,CID-041,USD
CA-0042,PA-REN-09,Sunrise Clean Energy Buyer 42 Settlement Account,CID-042,USD
CA-0043,PA-REN-09,Northstar Municipal Power 43 Settlement Account,CID-043,USD
CA-0044,PA-REN-09,Blue Ridge Campus Energy 44 Settlement Account,CID-044,USD
CA-0045,PA-REN-09,Prairie Community Solar 45 Settlement Account,CID-045,USD
CA-0046,PA-REN-10,Harbor Manufacturing PPA 46 Settlement Account,CID-046,USD
CA-0047,PA-REN-10,Summit Water District 47 Settlement Account,CID-047,USD
CA-0048,PA-REN-10,Canyon Transit Authority 48 Settlement Account,CID-048,USD
CA-0049,PA-REN-10,Riverbend Data Center Energy 49 Settlement Account,CID-049,USD
CA-0050,PA-REN-10,Mesa Retail Aggregator 50 Settlement Account,CID-050,USD
